kode_kabupaten_kota,nama_kabupaten_kota,status_kelahiran,jenis_kelamin,jumlah_kelahiran,tahun
3201,Kabupaten Bogor,Hidup,Laki-Laki,61740,2012
3201,Kabupaten Bogor,Hidup,Perempuan,49720,2012
3201,Kabupaten Bogor,Mati,Laki-Laki,36,2012
3201,Kabupaten Bogor,Mati,Perempuan,47,2012
3202,Kabupaten Sukabumi,Hidup,Laki-Laki,22812,2012
3202,Kabupaten Sukabumi,Hidup,Perempuan,22849,2012
3202,Kabupaten Sukabumi,Mati,Laki-Laki,75,2012
3202,Kabupaten Sukabumi,Mati,Perempuan,63,2012
3206,Kabupaten Tasikmalaya,Hidup,Laki-Laki,18968,2012
3206,Kabupaten Tasikmalaya,Hidup,Perempuan,18271,2012
3210,Kabupaten Majalengka,Hidup,Laki-Laki,11212,2012
3210,Kabupaten Majalengka,Hidup,Perempuan,10776,2012
3210,Kabupaten Majalengka,Mati,Laki-Laki,76,2012
3210,Kabupaten Majalengka,Mati,Perempuan,78,2012
3212,Kabupaten Indramayu,Hidup,Laki-Laki,17507,2012
3212,Kabupaten Indramayu,Hidup,Perempuan,17707,2012
3212,Kabupaten Indramayu,Mati,Laki-Laki,98,2012
3212,Kabupaten Indramayu,Mati,Perempuan,79,2012
3216,Kabupaten Bekasi,Hidup,Laki-Laki,32573,2012
3216,Kabupaten Bekasi,Hidup,Perempuan,33547,2012
3216,Kabupaten Bekasi,Mati,Laki-Laki,84,2012
3216,Kabupaten Bekasi,Mati,Perempuan,77,2012
3217,Kabupaten Bandung Barat,Hidup,Laki-Laki,16410,2012
3217,Kabupaten Bandung Barat,Hidup,Perempuan,15002,2012
3217,Kabupaten Bandung Barat,Mati,Laki-Laki,41,2012
3217,Kabupaten Bandung Barat,Mati,Perempuan,39,2012
3274,Kota Cirebon,Hidup,Laki-Laki,2850,2012
3274,Kota Cirebon,Hidup,Perempuan,2654,2012
3274,Kota Cirebon,Mati,Laki-Laki,24,2012
3274,Kota Cirebon,Mati,Perempuan,13,2012
3276,Kota Depok,Hidup,Laki-Laki,19565,2012
3276,Kota Depok,Hidup,Perempuan,20816,2012
3276,Kota Depok,Mati,Laki-Laki,28,2012
3276,Kota Depok,Mati,Perempuan,36,2012
3277,Kota Cimahi,Hidup,Laki-Laki,5083,2012
3277,Kota Cimahi,Hidup,Perempuan,5549,2012
3277,Kota Cimahi,Mati,Laki-Laki,22,2012
3277,Kota Cimahi,Mati,Perempuan,17,2012
3201,Kabupaten Bogor,Hidup,Laki-Laki,57271,2013
3201,Kabupaten Bogor,Hidup,Perempuan,59044,2013
3201,Kabupaten Bogor,Mati,Laki-Laki,47,2013
3201,Kabupaten Bogor,Mati,Perempuan,24,2013
3202,Kabupaten Sukabumi,Hidup,Laki-Laki,24813,2013
3202,Kabupaten Sukabumi,Hidup,Perempuan,25098,2013
3202,Kabupaten Sukabumi,Mati,Laki-Laki,54,2013
3202,Kabupaten Sukabumi,Mati,Perempuan,46,2013
3210,Kabupaten Majalengka,Hidup,Laki-Laki,11296,2013
3210,Kabupaten Majalengka,Hidup,Perempuan,10447,2013
3210,Kabupaten Majalengka,Mati,Laki-Laki,86,2013
3210,Kabupaten Majalengka,Mati,Perempuan,79,2013
3211,Kabupaten Sumedang,Hidup,Laki-Laki,10819,2013
3211,Kabupaten Sumedang,Hidup,Perempuan,10449,2013
3211,Kabupaten Sumedang,Mati,Laki-Laki,14,2013
3211,Kabupaten Sumedang,Mati,Perempuan,22,2013
3212,Kabupaten Indramayu,Hidup,Laki-Laki,17121,2013
3212,Kabupaten Indramayu,Hidup,Perempuan,16933,2013
3212,Kabupaten Indramayu,Mati,Laki-Laki,76,2013
3212,Kabupaten Indramayu,Mati,Perempuan,70,2013
3218,Kabupaten Pangandaran,Hidup,Laki-Laki,3344,2013
3218,Kabupaten Pangandaran,Hidup,Perempuan,3342,2013
3218,Kabupaten Pangandaran,Mati,Laki-Laki,28,2013
3218,Kabupaten Pangandaran,Mati,Perempuan,27,2013
3271,Kota Bogor,Hidup,Laki-Laki,9574,2013
3271,Kota Bogor,Hidup,Perempuan,9004,2013
3272,Kota Sukabumi,Hidup,Laki-Laki,3692,2013
3272,Kota Sukabumi,Hidup,Perempuan,3595,2013
3272,Kota Sukabumi,Mati,Laki-Laki,9,2013
3272,Kota Sukabumi,Mati,Perempuan,8,2013
3274,Kota Cirebon,Hidup,Laki-Laki,2855,2013
3274,Kota Cirebon,Hidup,Perempuan,2561,2013
3274,Kota Cirebon,Mati,Laki-Laki,14,2013
3274,Kota Cirebon,Mati,Perempuan,10,2013
3276,Kota Depok,Hidup,Laki-Laki,20712,2013
3276,Kota Depok,Hidup,Perempuan,21949,2013
3276,Kota Depok,Mati,Laki-Laki,26,2013
3276,Kota Depok,Mati,Perempuan,25,2013
3277,Kota Cimahi,Hidup,Laki-Laki,5116,2013
3277,Kota Cimahi,Hidup,Perempuan,5535,2013
3277,Kota Cimahi,Mati,Laki-Laki,19,2013
3277,Kota Cimahi,Mati,Perempuan,19,2013
3278,Kota Tasikmalaya,Hidup,Laki-Laki,6971,2013
3278,Kota Tasikmalaya,Hidup,Perempuan,6602,2013
3279,Kota Banjar,Hidup,Laki-Laki,1801,2013
3279,Kota Banjar,Hidup,Perempuan,1534,2013
3279,Kota Banjar,Mati,Laki-Laki,13,2013
3279,Kota Banjar,Mati,Perempuan,10,2013
3201,Kabupaten Bogor,Hidup,Laki-Laki,59586,2014
3201,Kabupaten Bogor,Hidup,Perempuan,60786,2014
3201,Kabupaten Bogor,Mati,Laki-Laki,108,2014
3201,Kabupaten Bogor,Mati,Perempuan,72,2014
3206,Kabupaten Tasikmalaya,Hidup,Laki-Laki,16900,2014
3206,Kabupaten Tasikmalaya,Hidup,Perempuan,16035,2014
3206,Kabupaten Tasikmalaya,Mati,Laki-Laki,156,2014
3206,Kabupaten Tasikmalaya,Mati,Perempuan,103,2014
3208,Kabupaten Kuningan,Hidup,Laki-Laki,10740,2014
3208,Kabupaten Kuningan,Hidup,Perempuan,10277,2014
3208,Kabupaten Kuningan,Mati,Laki-Laki,68,2014
3208,Kabupaten Kuningan,Mati,Perempuan,26,2014
3211,Kabupaten Sumedang,Hidup,Laki-Laki,10668,2014
3211,Kabupaten Sumedang,Hidup,Perempuan,10207,2014
3211,Kabupaten Sumedang,Mati,Laki-Laki,9,2014
3211,Kabupaten Sumedang,Mati,Perempuan,5,2014
3214,Kabupaten Purwakarta,Hidup,Laki-Laki,12680,2014
3214,Kabupaten Purwakarta,Hidup,Perempuan,10374,2014
3214,Kabupaten Purwakarta,Mati,Laki-Laki,73,2014
3214,Kabupaten Purwakarta,Mati,Perempuan,61,2014
3217,Kabupaten Bandung Barat,Hidup,Laki-Laki,14905,2014
3217,Kabupaten Bandung Barat,Hidup,Perempuan,13995,2014
3217,Kabupaten Bandung Barat,Mati,Laki-Laki,85,2014
3217,Kabupaten Bandung Barat,Mati,Perempuan,35,2014
3271,Kota Bogor,Hidup,Laki-Laki,9743,2014
3271,Kota Bogor,Hidup,Perempuan,9986,2014
3271,Kota Bogor,Mati,Laki-Laki,11,2014
3271,Kota Bogor,Mati,Perempuan,10,2014
3274,Kota Cirebon,Hidup,Laki-Laki,2874,2014
3274,Kota Cirebon,Hidup,Perempuan,2581,2014
3274,Kota Cirebon,Mati,Laki-Laki,18,2014
3274,Kota Cirebon,Mati,Perempuan,10,2014
3276,Kota Depok,Hidup,Laki-Laki,22789,2014
3276,Kota Depok,Hidup,Perempuan,23890,2014
3276,Kota Depok,Mati,Laki-Laki,26,2014
3276,Kota Depok,Mati,Perempuan,29,2014
3278,Kota Tasikmalaya,Hidup,Laki-Laki,6932,2014
3278,Kota Tasikmalaya,Hidup,Perempuan,6495,2014
3278,Kota Tasikmalaya,Mati,Laki-Laki,60,2014
3278,Kota Tasikmalaya,Mati,Perempuan,33,2014
3201,Kabupaten Bogor,Hidup,Laki-Laki,63709,2015
3201,Kabupaten Bogor,Hidup,Perempuan,63993,2015
3201,Kabupaten Bogor,Mati,Laki-Laki,142,2015
3201,Kabupaten Bogor,Mati,Perempuan,100,2015
3202,Kabupaten Sukabumi,Hidup,Laki-Laki,24497,2015
3202,Kabupaten Sukabumi,Hidup,Perempuan,24983,2015
3202,Kabupaten Sukabumi,Mati,Laki-Laki,243,2015
3202,Kabupaten Sukabumi,Mati,Perempuan,25,2015
3204,Kabupaten Bandung,Hidup,Laki-Laki,34373,2015
3204,Kabupaten Bandung,Hidup,Perempuan,34561,2015
3204,Kabupaten Bandung,Mati,Laki-Laki,94,2015
3204,Kabupaten Bandung,Mati,Perempuan,79,2015
3205,Kabupaten Garut,Hidup,Laki-Laki,26330,2015
3205,Kabupaten Garut,Hidup,Perempuan,26518,2015
3205,Kabupaten Garut,Mati,Laki-Laki,94,2015
3205,Kabupaten Garut,Mati,Perempuan,63,2015
3206,Kabupaten Tasikmalaya,Hidup,Laki-Laki,16281,2015
3206,Kabupaten Tasikmalaya,Hidup,Perempuan,16639,2015
3206,Kabupaten Tasikmalaya,Mati,Laki-Laki,179,2015
3206,Kabupaten Tasikmalaya,Mati,Perempuan,107,2015
3207,Kabupaten Ciamis,Hidup,Laki-Laki,9880,2015
3207,Kabupaten Ciamis,Hidup,Perempuan,10048,2015
3207,Kabupaten Ciamis,Mati,Laki-Laki,84,2015
3207,Kabupaten Ciamis,Mati,Perempuan,68,2015
3208,Kabupaten Kuningan,Hidup,Laki-Laki,10964,2015
3208,Kabupaten Kuningan,Hidup,Perempuan,11054,2015
3208,Kabupaten Kuningan,Mati,Laki-Laki,45,2015
3208,Kabupaten Kuningan,Mati,Perempuan,36,2015
3210,Kabupaten Majalengka,Hidup,Laki-Laki,11180,2015
3210,Kabupaten Majalengka,Hidup,Perempuan,11360,2015
3210,Kabupaten Majalengka,Mati,Laki-Laki,90,2015
3210,Kabupaten Majalengka,Mati,Perempuan,40,2015
3211,Kabupaten Sumedang,Hidup,Laki-Laki,10648,2015
3211,Kabupaten Sumedang,Hidup,Perempuan,10796,2015
3211,Kabupaten Sumedang,Mati,Laki-Laki,74,2015
3211,Kabupaten Sumedang,Mati,Perempuan,45,2015
3212,Kabupaten Indramayu,Hidup,Laki-Laki,18388,2015
3212,Kabupaten Indramayu,Hidup,Perempuan,18692,2015
3212,Kabupaten Indramayu,Mati,Laki-Laki,152,2015
3212,Kabupaten Indramayu,Mati,Perempuan,90,2015
3213,Kabupaten Subang,Hidup,Laki-Laki,15527,2015
3213,Kabupaten Subang,Hidup,Perempuan,15673,2015
3213,Kabupaten Subang,Mati,Laki-Laki,73,2015
3213,Kabupaten Subang,Mati,Perempuan,72,2015
3214,Kabupaten Purwakarta,Hidup,Laki-Laki,10122,2015
3214,Kabupaten Purwakarta,Hidup,Perempuan,10252,2015
3214,Kabupaten Purwakarta,Mati,Laki-Laki,65,2015
3214,Kabupaten Purwakarta,Mati,Perempuan,35,2015
3215,Kabupaten Karawang,Hidup,Laki-Laki,26621,2015
3215,Kabupaten Karawang,Hidup,Perempuan,27828,2015
3215,Kabupaten Karawang,Mati,Laki-Laki,74,2015
3215,Kabupaten Karawang,Mati,Perempuan,88,2015
3216,Kabupaten Bekasi,Hidup,Laki-Laki,48347,2015
3216,Kabupaten Bekasi,Hidup,Perempuan,48445,2015
3216,Kabupaten Bekasi,Mati,Laki-Laki,49,2015
3216,Kabupaten Bekasi,Mati,Perempuan,45,2015
3217,Kabupaten Bandung Barat,Hidup,Laki-Laki,14760,2015
3217,Kabupaten Bandung Barat,Hidup,Perempuan,14926,2015
3217,Kabupaten Bandung Barat,Mati,Laki-Laki,83,2015
3217,Kabupaten Bandung Barat,Mati,Perempuan,64,2015
3218,Kabupaten Pangandaran,Hidup,Laki-Laki,3060,2015
3218,Kabupaten Pangandaran,Hidup,Perempuan,3134,2015
3218,Kabupaten Pangandaran,Mati,Laki-Laki,37,2015
3218,Kabupaten Pangandaran,Mati,Perempuan,35,2015
3271,Kota Bogor,Hidup,Laki-Laki,9461,2015
3271,Kota Bogor,Hidup,Perempuan,9551,2015
3271,Kota Bogor,Mati,Laki-Laki,45,2015
3271,Kota Bogor,Mati,Perempuan,12,2015
3272,Kota Sukabumi,Hidup,Laki-Laki,3197,2015
3272,Kota Sukabumi,Hidup,Perempuan,3219,2015
3272,Kota Sukabumi,Mati,Laki-Laki,11,2015
3272,Kota Sukabumi,Mati,Perempuan,13,2015
3273,Kota Bandung,Hidup,Laki-Laki,23431,2015
3273,Kota Bandung,Hidup,Perempuan,23599,2015
3273,Kota Bandung,Mati,Laki-Laki,84,2015
3273,Kota Bandung,Mati,Perempuan,12,2015
3274,Kota Cirebon,Hidup,Laki-Laki,2802,2015
3274,Kota Cirebon,Hidup,Perempuan,2834,2015
3274,Kota Cirebon,Mati,Laki-Laki,16,2015
3274,Kota Cirebon,Mati,Perempuan,6,2015
3275,Kota Bekasi,Hidup,Laki-Laki,29003,2015
3275,Kota Bekasi,Hidup,Perempuan,29111,2015
3275,Kota Bekasi,Mati,Laki-Laki,54,2015
3275,Kota Bekasi,Mati,Perempuan,28,2015
3276,Kota Depok,Hidup,Laki-Laki,19742,2015
3276,Kota Depok,Hidup,Perempuan,20444,2015
3276,Kota Depok,Mati,Laki-Laki,25,2015
3276,Kota Depok,Mati,Perempuan,10,2015
3277,Kota Cimahi,Hidup,Laki-Laki,5207,2015
3277,Kota Cimahi,Hidup,Perempuan,5313,2015
3277,Kota Cimahi,Mati,Laki-Laki,53,2015
3277,Kota Cimahi,Mati,Perempuan,26,2015
3278,Kota Tasikmalaya,Hidup,Laki-Laki,6215,2015
3278,Kota Tasikmalaya,Hidup,Perempuan,6299,2015
3278,Kota Tasikmalaya,Mati,Laki-Laki,42,2015
3278,Kota Tasikmalaya,Mati,Perempuan,39,2015
3201,Kabupaten Bogor,Hidup,Laki-Laki,61375,2016
3201,Kabupaten Bogor,Hidup,Perempuan,63405,2016
3201,Kabupaten Bogor,Mati,Laki-Laki,95,2016
3201,Kabupaten Bogor,Mati,Perempuan,113,2016
3202,Kabupaten Sukabumi,Hidup,Laki-Laki,24045,2016
3202,Kabupaten Sukabumi,Hidup,Perempuan,22611,2016
3202,Kabupaten Sukabumi,Mati,Laki-Laki,36,2016
3202,Kabupaten Sukabumi,Mati,Perempuan,25,2016
3204,Kabupaten Bandung,Hidup,Laki-Laki,32245,2016
3204,Kabupaten Bandung,Hidup,Perempuan,30521,2016
3204,Kabupaten Bandung,Mati,Laki-Laki,45,2016
3204,Kabupaten Bandung,Mati,Perempuan,33,2016
3205,Kabupaten Garut,Hidup,Laki-Laki,28656,2016
3205,Kabupaten Garut,Hidup,Perempuan,27521,2016
3205,Kabupaten Garut,Mati,Laki-Laki,103,2016
3205,Kabupaten Garut,Mati,Perempuan,126,2016
3206,Kabupaten Tasikmalaya,Hidup,Laki-Laki,15507,2016
3206,Kabupaten Tasikmalaya,Hidup,Perempuan,15479,2016
3206,Kabupaten Tasikmalaya,Mati,Laki-Laki,109,2016
3206,Kabupaten Tasikmalaya,Mati,Perempuan,104,2016
3207,Kabupaten Ciamis,Hidup,Laki-Laki,9648,2016
3207,Kabupaten Ciamis,Hidup,Perempuan,8782,2016
3207,Kabupaten Ciamis,Mati,Laki-Laki,92,2016
3207,Kabupaten Ciamis,Mati,Perempuan,63,2016
3208,Kabupaten Kuningan,Hidup,Laki-Laki,10319,2016
3208,Kabupaten Kuningan,Hidup,Perempuan,9574,2016
3208,Kabupaten Kuningan,Mati,Laki-Laki,52,2016
3208,Kabupaten Kuningan,Mati,Perempuan,33,2016
3210,Kabupaten Majalengka,Hidup,Laki-Laki,10857,2016
3210,Kabupaten Majalengka,Hidup,Perempuan,10006,2016
3210,Kabupaten Majalengka,Mati,Laki-Laki,33,2016
3210,Kabupaten Majalengka,Mati,Perempuan,27,2016
3211,Kabupaten Sumedang,Hidup,Laki-Laki,10340,2016
3211,Kabupaten Sumedang,Hidup,Perempuan,9715,2016
3211,Kabupaten Sumedang,Mati,Laki-Laki,32,2016
3211,Kabupaten Sumedang,Mati,Perempuan,30,2016
3212,Kabupaten Indramayu,Hidup,Laki-Laki,17725,2016
3212,Kabupaten Indramayu,Hidup,Perempuan,17759,2016
3212,Kabupaten Indramayu,Mati,Laki-Laki,88,2016
3212,Kabupaten Indramayu,Mati,Perempuan,71,2016
3213,Kabupaten Subang,Hidup,Laki-Laki,15654,2016
3213,Kabupaten Subang,Hidup,Perempuan,15434,2016
3213,Kabupaten Subang,Mati,Laki-Laki,85,2016
3213,Kabupaten Subang,Mati,Perempuan,94,2016
3214,Kabupaten Purwakarta,Hidup,Laki-Laki,10134,2016
3214,Kabupaten Purwakarta,Hidup,Perempuan,9621,2016
3214,Kabupaten Purwakarta,Mati,Laki-Laki,84,2016
3214,Kabupaten Purwakarta,Mati,Perempuan,38,2016
3215,Kabupaten Karawang,Hidup,Laki-Laki,23869,2016
3215,Kabupaten Karawang,Hidup,Perempuan,25054,2016
3215,Kabupaten Karawang,Mati,Laki-Laki,69,2016
3215,Kabupaten Karawang,Mati,Perempuan,56,2016
3216,Kabupaten Bekasi,Hidup,Laki-Laki,45878,2016
3216,Kabupaten Bekasi,Hidup,Perempuan,48701,2016
3216,Kabupaten Bekasi,Mati,Laki-Laki,45,2016
3216,Kabupaten Bekasi,Mati,Perempuan,35,2016
3217,Kabupaten Bandung Barat,Hidup,Laki-Laki,15244,2016
3217,Kabupaten Bandung Barat,Hidup,Perempuan,14140,2016
3217,Kabupaten Bandung Barat,Mati,Laki-Laki,83,2016
3217,Kabupaten Bandung Barat,Mati,Perempuan,48,2016
3218,Kabupaten Pangandaran,Hidup,Laki-Laki,3027,2016
3218,Kabupaten Pangandaran,Hidup,Perempuan,3017,2016
3218,Kabupaten Pangandaran,Mati,Laki-Laki,29,2016
3218,Kabupaten Pangandaran,Mati,Perempuan,28,2016
3271,Kota Bogor,Hidup,Laki-Laki,9803,2016
3271,Kota Bogor,Hidup,Perempuan,10072,2016
3271,Kota Bogor,Mati,Laki-Laki,10,2016
3271,Kota Bogor,Mati,Perempuan,2,2016
3272,Kota Sukabumi,Hidup,Laki-Laki,3097,2016
3272,Kota Sukabumi,Hidup,Perempuan,3048,2016
3272,Kota Sukabumi,Mati,Laki-Laki,13,2016
3272,Kota Sukabumi,Mati,Perempuan,16,2016
3273,Kota Bandung,Hidup,Laki-Laki,23431,2016
3273,Kota Bandung,Hidup,Perempuan,22369,2016
3273,Kota Bandung,Mati,Laki-Laki,0,2016
3273,Kota Bandung,Mati,Perempuan,0,2016
3274,Kota Cirebon,Hidup,Laki-Laki,2875,2016
3274,Kota Cirebon,Hidup,Perempuan,2661,2016
3274,Kota Cirebon,Mati,Laki-Laki,8,2016
3274,Kota Cirebon,Mati,Perempuan,11,2016
3275,Kota Bekasi,Hidup,Laki-Laki,22866,2016
3275,Kota Bekasi,Hidup,Perempuan,24053,2016
3275,Kota Bekasi,Mati,Laki-Laki,0,2016
3275,Kota Bekasi,Mati,Perempuan,0,2016
3276,Kota Depok,Hidup,Laki-Laki,20997,2016
3276,Kota Depok,Hidup,Perempuan,20820,2016
3276,Kota Depok,Mati,Laki-Laki,20,2016
3276,Kota Depok,Mati,Perempuan,12,2016
3277,Kota Cimahi,Hidup,Laki-Laki,5255,2016
3277,Kota Cimahi,Hidup,Perempuan,5086,2016
3277,Kota Cimahi,Mati,Laki-Laki,19,2016
3277,Kota Cimahi,Mati,Perempuan,14,2016
3278,Kota Tasikmalaya,Hidup,Laki-Laki,6029,2016
3278,Kota Tasikmalaya,Hidup,Perempuan,5784,2016
3278,Kota Tasikmalaya,Mati,Laki-Laki,35,2016
3278,Kota Tasikmalaya,Mati,Perempuan,26,2016
3201,Kabupaten Bogor,Hidup,Laki-Laki,59532,2017
3201,Kabupaten Bogor,Hidup,Perempuan,61883,2017
3201,Kabupaten Bogor,Mati,Laki-Laki,82,2017
3201,Kabupaten Bogor,Mati,Perempuan,69,2017
3202,Kabupaten Sukabumi,Hidup,Laki-Laki,24043,2017
3202,Kabupaten Sukabumi,Hidup,Perempuan,22196,2017
3202,Kabupaten Sukabumi,Mati,Laki-Laki,25,2017
3202,Kabupaten Sukabumi,Mati,Perempuan,18,2017
3203,Kabupaten Cianjur,Hidup,Laki-Laki,20088,2017
3203,Kabupaten Cianjur,Hidup,Perempuan,22625,2017
3203,Kabupaten Cianjur,Mati,Laki-Laki,27,2017
3203,Kabupaten Cianjur,Mati,Perempuan,22,2017
3204,Kabupaten Bandung,Hidup,Laki-Laki,35336,2017
3204,Kabupaten Bandung,Hidup,Perempuan,33869,2017
3204,Kabupaten Bandung,Mati,Laki-Laki,32,2017
3204,Kabupaten Bandung,Mati,Perempuan,17,2017
3205,Kabupaten Garut,Hidup,Laki-Laki,26694,2017
3205,Kabupaten Garut,Hidup,Perempuan,26271,2017
3205,Kabupaten Garut,Mati,Laki-Laki,173,2017
3205,Kabupaten Garut,Mati,Perempuan,171,2017
3206,Kabupaten Tasikmalaya,Hidup,Laki-Laki,15704,2017
3206,Kabupaten Tasikmalaya,Hidup,Perempuan,15049,2017
3206,Kabupaten Tasikmalaya,Mati,Laki-Laki,108,2017
3206,Kabupaten Tasikmalaya,Mati,Perempuan,79,2017
3207,Kabupaten Ciamis,Hidup,Laki-Laki,9772,2017
3207,Kabupaten Ciamis,Hidup,Perempuan,8720,2017
3207,Kabupaten Ciamis,Mati,Laki-Laki,70,2017
3207,Kabupaten Ciamis,Mati,Perempuan,42,2017
3208,Kabupaten Kuningan,Hidup,Laki-Laki,10196,2017
3208,Kabupaten Kuningan,Hidup,Perempuan,9329,2017
3208,Kabupaten Kuningan,Mati,Laki-Laki,36,2017
3208,Kabupaten Kuningan,Mati,Perempuan,22,2017
3209,Kabupaten Cirebon,Hidup,Laki-Laki,23434,2017
3209,Kabupaten Cirebon,Hidup,Perempuan,23777,2017
3209,Kabupaten Cirebon,Mati,Laki-Laki,67,2017
3209,Kabupaten Cirebon,Mati,Perempuan,55,2017
3210,Kabupaten Majalengka,Hidup,Laki-Laki,10393,2017
3210,Kabupaten Majalengka,Hidup,Perempuan,9831,2017
3210,Kabupaten Majalengka,Mati,Laki-Laki,35,2017
3210,Kabupaten Majalengka,Mati,Perempuan,26,2017
3211,Kabupaten Sumedang,Hidup,Laki-Laki,10184,2017
3211,Kabupaten Sumedang,Hidup,Perempuan,9635,2017
3211,Kabupaten Sumedang,Mati,Laki-Laki,11,2017
3211,Kabupaten Sumedang,Mati,Perempuan,8,2017
3212,Kabupaten Indramayu,Hidup,Laki-Laki,17495,2017
3212,Kabupaten Indramayu,Hidup,Perempuan,16867,2017
3212,Kabupaten Indramayu,Mati,Laki-Laki,65,2017
3212,Kabupaten Indramayu,Mati,Perempuan,48,2017
3213,Kabupaten Subang,Hidup,Laki-Laki,14186,2017
3213,Kabupaten Subang,Hidup,Perempuan,13679,2017
3213,Kabupaten Subang,Mati,Laki-Laki,72,2017
3213,Kabupaten Subang,Mati,Perempuan,57,2017
3214,Kabupaten Purwakarta,Hidup,Laki-Laki,9999,2017
3214,Kabupaten Purwakarta,Hidup,Perempuan,9535,2017
3214,Kabupaten Purwakarta,Mati,Laki-Laki,70,2017
3214,Kabupaten Purwakarta,Mati,Perempuan,51,2017
3215,Kabupaten Karawang,Hidup,Laki-Laki,22233,2017
3215,Kabupaten Karawang,Hidup,Perempuan,22670,2017
3215,Kabupaten Karawang,Mati,Laki-Laki,52,2017
3215,Kabupaten Karawang,Mati,Perempuan,43,2017
3216,Kabupaten Bekasi,Hidup,Laki-Laki,29888,2017
3216,Kabupaten Bekasi,Hidup,Perempuan,45019,2017
3216,Kabupaten Bekasi,Mati,Laki-Laki,8,2017
3216,Kabupaten Bekasi,Mati,Perempuan,16,2017
3217,Kabupaten Bandung Barat,Hidup,Laki-Laki,15631,2017
3217,Kabupaten Bandung Barat,Hidup,Perempuan,14273,2017
3217,Kabupaten Bandung Barat,Mati,Laki-Laki,95,2017
3217,Kabupaten Bandung Barat,Mati,Perempuan,53,2017
3218,Kabupaten Pangandaran,Hidup,Laki-Laki,3150,2017
3218,Kabupaten Pangandaran,Hidup,Perempuan,3041,2017
3218,Kabupaten Pangandaran,Mati,Laki-Laki,33,2017
3218,Kabupaten Pangandaran,Mati,Perempuan,23,2017
3271,Kota Bogor,Hidup,Laki-Laki,9752,2017
3271,Kota Bogor,Hidup,Perempuan,10750,2017
3271,Kota Bogor,Mati,Laki-Laki,4,2017
3271,Kota Bogor,Mati,Perempuan,9,2017
3272,Kota Sukabumi,Hidup,Laki-Laki,3153,2017
3272,Kota Sukabumi,Hidup,Perempuan,2857,2017
3272,Kota Sukabumi,Mati,Laki-Laki,11,2017
3272,Kota Sukabumi,Mati,Perempuan,13,2017
3273,Kota Bandung,Hidup,Laki-Laki,20305,2017
3273,Kota Bandung,Hidup,Perempuan,21545,2017
3273,Kota Bandung,Mati,Laki-Laki,35,2017
3273,Kota Bandung,Mati,Perempuan,56,2017
3274,Kota Cirebon,Hidup,Laki-Laki,2874,2017
3274,Kota Cirebon,Hidup,Perempuan,2521,2017
3274,Kota Cirebon,Mati,Laki-Laki,15,2017
3274,Kota Cirebon,Mati,Perempuan,9,2017
3275,Kota Bekasi,Hidup,Laki-Laki,22939,2017
3275,Kota Bekasi,Hidup,Perempuan,24126,2017
3275,Kota Bekasi,Mati,Laki-Laki,20,2017
3275,Kota Bekasi,Mati,Perempuan,5,2017
3276,Kota Depok,Hidup,Laki-Laki,21354,2017
3276,Kota Depok,Hidup,Perempuan,21311,2017
3276,Kota Depok,Mati,Laki-Laki,29,2017
3276,Kota Depok,Mati,Perempuan,19,2017
3277,Kota Cimahi,Hidup,Laki-Laki,5269,2017
3277,Kota Cimahi,Hidup,Perempuan,5259,2017
3277,Kota Cimahi,Mati,Laki-Laki,20,2017
3277,Kota Cimahi,Mati,Perempuan,18,2017
3278,Kota Tasikmalaya,Hidup,Laki-Laki,6079,2017
3278,Kota Tasikmalaya,Hidup,Perempuan,5912,2017
3278,Kota Tasikmalaya,Mati,Laki-Laki,3,2017
3278,Kota Tasikmalaya,Mati,Perempuan,6,2017
3279,Kota Banjar,Hidup,Laki-Laki,1611,2017
3279,Kota Banjar,Hidup,Perempuan,1527,2017
3279,Kota Banjar,Mati,Laki-Laki,17,2017
3279,Kota Banjar,Mati,Perempuan,15,2017
3201,Kabupaten Bogor,Hidup,Laki-Laki,58209,2018
3201,Kabupaten Bogor,Hidup,Perempuan,59141,2018
3201,Kabupaten Bogor,Mati,Laki-Laki,75,2018
3201,Kabupaten Bogor,Mati,Perempuan,69,2018
3202,Kabupaten Sukabumi,Hidup,Laki-Laki,22646,2018
3202,Kabupaten Sukabumi,Hidup,Perempuan,21815,2018
3202,Kabupaten Sukabumi,Mati,Laki-Laki,80,2018
3202,Kabupaten Sukabumi,Mati,Perempuan,144,2018
3203,Kabupaten Cianjur,Hidup,Laki-Laki,21624,2018
3203,Kabupaten Cianjur,Hidup,Perempuan,22638,2018
3203,Kabupaten Cianjur,Mati,Laki-Laki,23,2018
3203,Kabupaten Cianjur,Mati,Perempuan,21,2018
3204,Kabupaten Bandung,Hidup,Laki-Laki,34836,2018
3204,Kabupaten Bandung,Hidup,Perempuan,33129,2018
3204,Kabupaten Bandung,Mati,Laki-Laki,49,2018
3204,Kabupaten Bandung,Mati,Perempuan,28,2018
3205,Kabupaten Garut,Hidup,Laki-Laki,27567,2018
3205,Kabupaten Garut,Hidup,Perempuan,27130,2018
3205,Kabupaten Garut,Mati,Laki-Laki,171,2018
3205,Kabupaten Garut,Mati,Perempuan,168,2018
3206,Kabupaten Tasikmalaya,Hidup,Laki-Laki,15769,2018
3206,Kabupaten Tasikmalaya,Hidup,Perempuan,14822,2018
3206,Kabupaten Tasikmalaya,Mati,Laki-Laki,112,2018
3206,Kabupaten Tasikmalaya,Mati,Perempuan,75,2018
3207,Kabupaten Ciamis,Hidup,Laki-Laki,10142,2018
3207,Kabupaten Ciamis,Hidup,Perempuan,9221,2018
3207,Kabupaten Ciamis,Mati,Laki-Laki,134,2018
3207,Kabupaten Ciamis,Mati,Perempuan,79,2018
3208,Kabupaten Kuningan,Hidup,Laki-Laki,10409,2018
3208,Kabupaten Kuningan,Hidup,Perempuan,9416,2018
3208,Kabupaten Kuningan,Mati,Laki-Laki,30,2018
3208,Kabupaten Kuningan,Mati,Perempuan,20,2018
3209,Kabupaten Cirebon,Hidup,Laki-Laki,23287,2018
3209,Kabupaten Cirebon,Hidup,Perempuan,24484,2018
3209,Kabupaten Cirebon,Mati,Laki-Laki,55,2018
3209,Kabupaten Cirebon,Mati,Perempuan,60,2018
3210,Kabupaten Majalengka,Hidup,Laki-Laki,10656,2018
3210,Kabupaten Majalengka,Hidup,Perempuan,9984,2018
3210,Kabupaten Majalengka,Mati,Laki-Laki,26,2018
3210,Kabupaten Majalengka,Mati,Perempuan,26,2018
3211,Kabupaten Sumedang,Hidup,Laki-Laki,9982,2018
3211,Kabupaten Sumedang,Hidup,Perempuan,9226,2018
3211,Kabupaten Sumedang,Mati,Laki-Laki,56,2018
3211,Kabupaten Sumedang,Mati,Perempuan,48,2018
3212,Kabupaten Indramayu,Hidup,Laki-Laki,17684,2018
3212,Kabupaten Indramayu,Hidup,Perempuan,17023,2018
3212,Kabupaten Indramayu,Mati,Laki-Laki,75,2018
3212,Kabupaten Indramayu,Mati,Perempuan,64,2018
3213,Kabupaten Subang,Hidup,Laki-Laki,15567,2018
3213,Kabupaten Subang,Hidup,Perempuan,15402,2018
3213,Kabupaten Subang,Mati,Laki-Laki,83,2018
3213,Kabupaten Subang,Mati,Perempuan,51,2018
3214,Kabupaten Purwakarta,Hidup,Laki-Laki,9912,2018
3214,Kabupaten Purwakarta,Hidup,Perempuan,9184,2018
3214,Kabupaten Purwakarta,Mati,Laki-Laki,42,2018
3214,Kabupaten Purwakarta,Mati,Perempuan,34,2018
3215,Kabupaten Karawang,Hidup,Laki-Laki,21428,2018
3215,Kabupaten Karawang,Hidup,Perempuan,22536,2018
3215,Kabupaten Karawang,Mati,Laki-Laki,41,2018
3215,Kabupaten Karawang,Mati,Perempuan,26,2018
3216,Kabupaten Bekasi,Hidup,Laki-Laki,40073,2018
3216,Kabupaten Bekasi,Hidup,Perempuan,32794,2018
3216,Kabupaten Bekasi,Mati,Laki-Laki,12,2018
3216,Kabupaten Bekasi,Mati,Perempuan,7,2018
3217,Kabupaten Bandung Barat,Hidup,Laki-Laki,15726,2018
3217,Kabupaten Bandung Barat,Hidup,Perempuan,14102,2018
3217,Kabupaten Bandung Barat,Mati,Laki-Laki,81,2018
3217,Kabupaten Bandung Barat,Mati,Perempuan,82,2018
3218,Kabupaten Pangandaran,Hidup,Laki-Laki,3166,2018
3218,Kabupaten Pangandaran,Hidup,Perempuan,2946,2018
3218,Kabupaten Pangandaran,Mati,Laki-Laki,34,2018
3218,Kabupaten Pangandaran,Mati,Perempuan,10,2018
3271,Kota Bogor,Hidup,Laki-Laki,9954,2018
3271,Kota Bogor,Hidup,Perempuan,9715,2018
3271,Kota Bogor,Mati,Laki-Laki,18,2018
3271,Kota Bogor,Mati,Perempuan,12,2018
3272,Kota Sukabumi,Hidup,Laki-Laki,3001,2018
3272,Kota Sukabumi,Hidup,Perempuan,2996,2018
3272,Kota Sukabumi,Mati,Laki-Laki,14,2018
3272,Kota Sukabumi,Mati,Perempuan,10,2018
3273,Kota Bandung,Hidup,Laki-Laki,20536,2018
3273,Kota Bandung,Hidup,Perempuan,20465,2018
3273,Kota Bandung,Mati,Laki-Laki,25,2018
3273,Kota Bandung,Mati,Perempuan,17,2018
3274,Kota Cirebon,Hidup,Laki-Laki,2960,2018
3274,Kota Cirebon,Hidup,Perempuan,2692,2018
3274,Kota Cirebon,Mati,Laki-Laki,22,2018
3274,Kota Cirebon,Mati,Perempuan,6,2018
3275,Kota Bekasi,Hidup,Laki-Laki,23322,2018
3275,Kota Bekasi,Hidup,Perempuan,23991,2018
3275,Kota Bekasi,Mati,Laki-Laki,16,2018
3275,Kota Bekasi,Mati,Perempuan,9,2018
3276,Kota Depok,Hidup,Laki-Laki,22008,2018
3276,Kota Depok,Hidup,Perempuan,21219,2018
3276,Kota Depok,Mati,Laki-Laki,22,2018
3276,Kota Depok,Mati,Perempuan,19,2018
3277,Kota Cimahi,Hidup,Laki-Laki,5306,2018
3277,Kota Cimahi,Hidup,Perempuan,5461,2018
3277,Kota Cimahi,Mati,Laki-Laki,30,2018
3277,Kota Cimahi,Mati,Perempuan,30,2018
3278,Kota Tasikmalaya,Hidup,Laki-Laki,6022,2018
3278,Kota Tasikmalaya,Hidup,Perempuan,5994,2018
3278,Kota Tasikmalaya,Mati,Laki-Laki,3,2018
3278,Kota Tasikmalaya,Mati,Perempuan,1,2018
3279,Kota Banjar,Hidup,Laki-Laki,0,2018
3279,Kota Banjar,Hidup,Perempuan,0,2018
3279,Kota Banjar,Mati,Laki-Laki,0,2018
3279,Kota Banjar,Mati,Perempuan,0,2018
3201,Kabupaten Bogor,Hidup,Laki-Laki,59446,2019
3201,Kabupaten Bogor,Hidup,Perempuan,58749,2019
3201,Kabupaten Bogor,Mati,Laki-Laki,93,2019
3201,Kabupaten Bogor,Mati,Perempuan,74,2019
3203,Kabupaten Cianjur,Hidup,Laki-Laki,20846,2019
3203,Kabupaten Cianjur,Hidup,Perempuan,20280,2019
3203,Kabupaten Cianjur,Mati,Laki-Laki,6,2019
3204,Kabupaten Bandung,Hidup,Laki-Laki,34844,2019
3204,Kabupaten Bandung,Hidup,Perempuan,32923,2019
3204,Kabupaten Bandung,Mati,Laki-Laki,44,2019
3204,Kabupaten Bandung,Mati,Perempuan,46,2019
3206,Kabupaten Tasikmalaya,Hidup,Laki-Laki,15822,2019
3206,Kabupaten Tasikmalaya,Hidup,Perempuan,14902,2019
3206,Kabupaten Tasikmalaya,Mati,Laki-Laki,102,2019
3206,Kabupaten Tasikmalaya,Mati,Perempuan,77,2019
3207,Kabupaten Ciamis,Hidup,Laki-Laki,9964,2019
3207,Kabupaten Ciamis,Hidup,Perempuan,9182,2019
3207,Kabupaten Ciamis,Mati,Laki-Laki,70,2019
3207,Kabupaten Ciamis,Mati,Perempuan,55,2019
3208,Kabupaten Kuningan,Hidup,Laki-Laki,10168,2019
3208,Kabupaten Kuningan,Hidup,Perempuan,9286,2019
3208,Kabupaten Kuningan,Mati,Laki-Laki,28,2019
3208,Kabupaten Kuningan,Mati,Perempuan,29,2019
3209,Kabupaten Cirebon,Hidup,Laki-Laki,24840,2019
3209,Kabupaten Cirebon,Hidup,Perempuan,23574,2019
3209,Kabupaten Cirebon,Mati,Laki-Laki,0,2019
3209,Kabupaten Cirebon,Mati,Perempuan,0,2019
3210,Kabupaten Majalengka,Hidup,Laki-Laki,10545,2019
3210,Kabupaten Majalengka,Hidup,Perempuan,9892,2019
3210,Kabupaten Majalengka,Mati,Laki-Laki,30,2019
3210,Kabupaten Majalengka,Mati,Perempuan,24,2019
3211,Kabupaten Sumedang,Hidup,Laki-Laki,9613,2019
3211,Kabupaten Sumedang,Hidup,Perempuan,9200,2019
3211,Kabupaten Sumedang,Mati,Laki-Laki,5,2019
3211,Kabupaten Sumedang,Mati,Perempuan,6,2019
3212,Kabupaten Indramayu,Hidup,Laki-Laki,18328,2019
3212,Kabupaten Indramayu,Hidup,Perempuan,16257,2019
3212,Kabupaten Indramayu,Mati,Laki-Laki,94,2019
3212,Kabupaten Indramayu,Mati,Perempuan,57,2019
3213,Kabupaten Subang,Hidup,Laki-Laki,16005,2019
3213,Kabupaten Subang,Hidup,Perempuan,15913,2019
3213,Kabupaten Subang,Mati,Laki-Laki,54,2019
3213,Kabupaten Subang,Mati,Perempuan,41,2019
3214,Kabupaten Purwakarta,Hidup,Laki-Laki,9881,2019
3214,Kabupaten Purwakarta,Hidup,Perempuan,9392,2019
3214,Kabupaten Purwakarta,Mati,Laki-Laki,63,2019
3214,Kabupaten Purwakarta,Mati,Perempuan,35,2019
3215,Kabupaten Karawang,Hidup,Laki-Laki,22248,2019
3215,Kabupaten Karawang,Hidup,Perempuan,22602,2019
3215,Kabupaten Karawang,Mati,Laki-Laki,52,2019
3215,Kabupaten Karawang,Mati,Perempuan,29,2019
3216,Kabupaten Bekasi,Hidup,Laki-Laki,43854,2019
3216,Kabupaten Bekasi,Hidup,Perempuan,35880,2019
3216,Kabupaten Bekasi,Mati,Laki-Laki,14,2019
3216,Kabupaten Bekasi,Mati,Perempuan,21,2019
3217,Kabupaten Bandung Barat,Hidup,Laki-Laki,15923,2019
3217,Kabupaten Bandung Barat,Hidup,Perempuan,14414,2019
3217,Kabupaten Bandung Barat,Mati,Laki-Laki,64,2019
3217,Kabupaten Bandung Barat,Mati,Perempuan,157,2019
3218,Kabupaten Pangandaran,Hidup,Laki-Laki,3085,2019
3218,Kabupaten Pangandaran,Hidup,Perempuan,2989,2019
3218,Kabupaten Pangandaran,Mati,Laki-Laki,27,2019
3218,Kabupaten Pangandaran,Mati,Perempuan,26,2019
3271,Kota Bogor,Hidup,Laki-Laki,9991,2019
3271,Kota Bogor,Hidup,Perempuan,10204,2019
3271,Kota Bogor,Mati,Laki-Laki,67,2019
3271,Kota Bogor,Mati,Perempuan,57,2019
3272,Kota Sukabumi,Hidup,Laki-Laki,3192,2019
3272,Kota Sukabumi,Hidup,Perempuan,2884,2019
3272,Kota Sukabumi,Mati,Laki-Laki,8,2019
3272,Kota Sukabumi,Mati,Perempuan,7,2019
3273,Kota Bandung,Hidup,Laki-Laki,19489,2019
3273,Kota Bandung,Hidup,Perempuan,22345,2019
3273,Kota Bandung,Mati,Laki-Laki,50,2019
3273,Kota Bandung,Mati,Perempuan,68,2019
3274,Kota Cirebon,Hidup,Laki-Laki,2867,2019
3274,Kota Cirebon,Hidup,Perempuan,2624,2019
3274,Kota Cirebon,Mati,Laki-Laki,19,2019
3274,Kota Cirebon,Mati,Perempuan,13,2019
3275,Kota Bekasi,Hidup,Laki-Laki,24020,2019
3275,Kota Bekasi,Hidup,Perempuan,25525,2019
3275,Kota Bekasi,Mati,Laki-Laki,146,2019
3275,Kota Bekasi,Mati,Perempuan,127,2019
3276,Kota Depok,Hidup,Laki-Laki,22234,2019
3276,Kota Depok,Hidup,Perempuan,21622,2019
3276,Kota Depok,Mati,Laki-Laki,21,2019
3276,Kota Depok,Mati,Perempuan,18,2019
3277,Kota Cimahi,Hidup,Laki-Laki,5362,2019
3277,Kota Cimahi,Hidup,Perempuan,5443,2019
3277,Kota Cimahi,Mati,Laki-Laki,21,2019
3277,Kota Cimahi,Mati,Perempuan,18,2019
3278,Kota Tasikmalaya,Hidup,Laki-Laki,5962,2019
3278,Kota Tasikmalaya,Hidup,Perempuan,5748,2019
3278,Kota Tasikmalaya,Mati,Laki-Laki,3,2019
3278,Kota Tasikmalaya,Mati,Perempuan,2,2019
3279,Kota Banjar,Hidup,Laki-Laki,1559,2019
3279,Kota Banjar,Hidup,Perempuan,1472,2019
3279,Kota Banjar,Mati,Laki-Laki,16,2019
3279,Kota Banjar,Mati,Perempuan,17,2019
3201,Kabupaten Bogor,Hidup,Laki-Laki,55693,2020
3201,Kabupaten Bogor,Hidup,Perempuan,57859,2020
3201,Kabupaten Bogor,Mati,Laki-Laki,42,2020
3201,Kabupaten Bogor,Mati,Perempuan,71,2020
3202,Kabupaten Sukabumi,Hidup,Laki-Laki,0,2020
3202,Kabupaten Sukabumi,Hidup,Perempuan,0,2020
3202,Kabupaten Sukabumi,Mati,Laki-Laki,0,2020
3202,Kabupaten Sukabumi,Mati,Perempuan,0,2020
3203,Kabupaten Cianjur,Hidup,Laki-Laki,0,2020
3203,Kabupaten Cianjur,Hidup,Perempuan,0,2020
3203,Kabupaten Cianjur,Mati,Laki-Laki,0,2020
3203,Kabupaten Cianjur,Mati,Perempuan,0,2020
3204,Kabupaten Bandung,Hidup,Laki-Laki,34664,2020
3204,Kabupaten Bandung,Hidup,Perempuan,32238,2020
3204,Kabupaten Bandung,Mati,Laki-Laki,37,2020
3204,Kabupaten Bandung,Mati,Perempuan,35,2020
3205,Kabupaten Garut,Hidup,Laki-Laki,26756,2020
3205,Kabupaten Garut,Hidup,Perempuan,25500,2020
3205,Kabupaten Garut,Mati,Laki-Laki,195,2020
3205,Kabupaten Garut,Mati,Perempuan,170,2020
3206,Kabupaten Tasikmalaya,Hidup,Laki-Laki,15487,2020
3206,Kabupaten Tasikmalaya,Hidup,Perempuan,14870,2020
3206,Kabupaten Tasikmalaya,Mati,Laki-Laki,87,2020
3206,Kabupaten Tasikmalaya,Mati,Perempuan,62,2020
3208,Kabupaten Kuningan,Hidup,Laki-Laki,10126,2020
3208,Kabupaten Kuningan,Hidup,Perempuan,9189,2020
3208,Kabupaten Kuningan,Mati,Laki-Laki,0,2020
3208,Kabupaten Kuningan,Mati,Perempuan,0,2020
3209,Kabupaten Cirebon,Hidup,Laki-Laki,21389,2020
3209,Kabupaten Cirebon,Hidup,Perempuan,26142,2020
3209,Kabupaten Cirebon,Mati,Laki-Laki,30,2020
3209,Kabupaten Cirebon,Mati,Perempuan,47,2020
3210,Kabupaten Majalengka,Hidup,Laki-Laki,10819,2020
3210,Kabupaten Majalengka,Hidup,Perempuan,10148,2020
3210,Kabupaten Majalengka,Mati,Laki-Laki,33,2020
3210,Kabupaten Majalengka,Mati,Perempuan,30,2020
3211,Kabupaten Sumedang,Hidup,Laki-Laki,9924,2020
3211,Kabupaten Sumedang,Hidup,Perempuan,9136,2020
3211,Kabupaten Sumedang,Mati,Laki-Laki,52,2020
3211,Kabupaten Sumedang,Mati,Perempuan,44,2020
3212,Kabupaten Indramayu,Hidup,Laki-Laki,15356,2020
3212,Kabupaten Indramayu,Hidup,Perempuan,14698,2020
3212,Kabupaten Indramayu,Mati,Laki-Laki,57,2020
3212,Kabupaten Indramayu,Mati,Perempuan,43,2020
3213,Kabupaten Subang,Hidup,Laki-Laki,16796,2020
3213,Kabupaten Subang,Hidup,Perempuan,16380,2020
3213,Kabupaten Subang,Mati,Laki-Laki,66,2020
3213,Kabupaten Subang,Mati,Perempuan,38,2020
3214,Kabupaten Purwakarta,Hidup,Laki-Laki,9212,2020
3214,Kabupaten Purwakarta,Hidup,Perempuan,8333,2020
3214,Kabupaten Purwakarta,Mati,Laki-Laki,57,2020
3214,Kabupaten Purwakarta,Mati,Perempuan,48,2020
3215,Kabupaten Karawang,Hidup,Laki-Laki,21393,2020
3215,Kabupaten Karawang,Hidup,Perempuan,21572,2020
3215,Kabupaten Karawang,Mati,Laki-Laki,41,2020
3215,Kabupaten Karawang,Mati,Perempuan,43,2020
3216,Kabupaten Bekasi,Hidup,Laki-Laki,39312,2020
3216,Kabupaten Bekasi,Hidup,Perempuan,38074,2020
3216,Kabupaten Bekasi,Mati,Laki-Laki,10,2020
3216,Kabupaten Bekasi,Mati,Perempuan,6,2020
3217,Kabupaten Bandung Barat,Hidup,Laki-Laki,15923,2020
3217,Kabupaten Bandung Barat,Hidup,Perempuan,14414,2020
3217,Kabupaten Bandung Barat,Mati,Laki-Laki,64,2020
3217,Kabupaten Bandung Barat,Mati,Perempuan,157,2020
3218,Kabupaten Pangandaran,Hidup,Laki-Laki,3131,2020
3218,Kabupaten Pangandaran,Hidup,Perempuan,2964,2020
3218,Kabupaten Pangandaran,Mati,Laki-Laki,20,2020
3218,Kabupaten Pangandaran,Mati,Perempuan,21,2020
3271,Kota Bogor,Hidup,Laki-Laki,9504,2020
3271,Kota Bogor,Hidup,Perempuan,9238,2020
3271,Kota Bogor,Mati,Laki-Laki,30,2020
3271,Kota Bogor,Mati,Perempuan,20,2020
3272,Kota Sukabumi,Hidup,Laki-Laki,3187,2020
3272,Kota Sukabumi,Hidup,Perempuan,2965,2020
3272,Kota Sukabumi,Mati,Laki-Laki,17,2020
3272,Kota Sukabumi,Mati,Perempuan,10,2020
3273,Kota Bandung,Hidup,Laki-Laki,17239,2020
3273,Kota Bandung,Hidup,Perempuan,17127,2020
3273,Kota Bandung,Mati,Laki-Laki,31,2020
3273,Kota Bandung,Mati,Perempuan,17,2020
3274,Kota Cirebon,Hidup,Laki-Laki,2764,2020
3274,Kota Cirebon,Hidup,Perempuan,2399,2020
3274,Kota Cirebon,Mati,Laki-Laki,15,2020
3274,Kota Cirebon,Mati,Perempuan,11,2020
3275,Kota Bekasi,Hidup,Laki-Laki,22436,2020
3275,Kota Bekasi,Hidup,Perempuan,23641,2020
3275,Kota Bekasi,Mati,Laki-Laki,30,2020
3275,Kota Bekasi,Mati,Perempuan,19,2020
3276,Kota Depok,Hidup,Laki-Laki,22551,2020
3276,Kota Depok,Hidup,Perempuan,21929,2020
3276,Kota Depok,Mati,Laki-Laki,14,2020
3276,Kota Depok,Mati,Perempuan,17,2020
3277,Kota Cimahi,Hidup,Laki-Laki,5202,2020
3277,Kota Cimahi,Hidup,Perempuan,5159,2020
3277,Kota Cimahi,Mati,Laki-Laki,19,2020
3277,Kota Cimahi,Mati,Perempuan,22,2020
3278,Kota Tasikmalaya,Hidup,Laki-Laki,5980,2020
3278,Kota Tasikmalaya,Hidup,Perempuan,5850,2020
3278,Kota Tasikmalaya,Mati,Laki-Laki,9,2020
3278,Kota Tasikmalaya,Mati,Perempuan,6,2020
3279,Kota Banjar,Hidup,Laki-Laki,1579,2020
3279,Kota Banjar,Hidup,Perempuan,1372,2020
3279,Kota Banjar,Mati,Laki-Laki,12,2020
3279,Kota Banjar,Mati,Perempuan,16,2020
3201,Kabupaten Bogor,Hidup,Laki-Laki,54217,2021
3201,Kabupaten Bogor,Hidup,Perempuan,56109,2021
3201,Kabupaten Bogor,Mati,Laki-Laki,45,2021
3201,Kabupaten Bogor,Mati,Perempuan,82,2021
3202,Kabupaten Sukabumi,Hidup,Laki-Laki,23621,2021
3202,Kabupaten Sukabumi,Hidup,Perempuan,21575,2021
3202,Kabupaten Sukabumi,Mati,Laki-Laki,40,2021
3202,Kabupaten Sukabumi,Mati,Perempuan,48,2021
3203,Kabupaten Cianjur,Hidup,Laki-Laki,25418,2021
3203,Kabupaten Cianjur,Hidup,Perempuan,21849,2021
3203,Kabupaten Cianjur,Mati,Laki-Laki,28,2021
3203,Kabupaten Cianjur,Mati,Perempuan,22,2021
3204,Kabupaten Bandung,Hidup,Laki-Laki,31922,2021
3204,Kabupaten Bandung,Hidup,Perempuan,31018,2021
3204,Kabupaten Bandung,Mati,Laki-Laki,70,2021
3204,Kabupaten Bandung,Mati,Perempuan,45,2021
3205,Kabupaten Garut,Hidup,Laki-Laki,25362,2021
3205,Kabupaten Garut,Hidup,Perempuan,25431,2021
3205,Kabupaten Garut,Mati,Laki-Laki,185,2021
3205,Kabupaten Garut,Mati,Perempuan,155,2021
3206,Kabupaten Tasikmalaya,Hidup,Laki-Laki,15426,2021
3206,Kabupaten Tasikmalaya,Hidup,Perempuan,14524,2021
3206,Kabupaten Tasikmalaya,Mati,Laki-Laki,102,2021
3206,Kabupaten Tasikmalaya,Mati,Perempuan,73,2021
3207,Kabupaten Ciamis,Hidup,Laki-Laki,9617,2021
3207,Kabupaten Ciamis,Hidup,Perempuan,8688,2021
3207,Kabupaten Ciamis,Mati,Laki-Laki,80,2021
3207,Kabupaten Ciamis,Mati,Perempuan,53,2021
3208,Kabupaten Kuningan,Hidup,Laki-Laki,9725,2021
3208,Kabupaten Kuningan,Hidup,Perempuan,8768,2021
3208,Kabupaten Kuningan,Mati,Laki-Laki,45,2021
3208,Kabupaten Kuningan,Mati,Perempuan,54,2021
3209,Kabupaten Cirebon,Hidup,Laki-Laki,23821,2021
3209,Kabupaten Cirebon,Hidup,Perempuan,22520,2021
3209,Kabupaten Cirebon,Mati,Laki-Laki,35,2021
3209,Kabupaten Cirebon,Mati,Perempuan,42,2021
3210,Kabupaten Majalengka,Hidup,Laki-Laki,10372,2021
3210,Kabupaten Majalengka,Hidup,Perempuan,9464,2021
3210,Kabupaten Majalengka,Mati,Laki-Laki,29,2021
3210,Kabupaten Majalengka,Mati,Perempuan,26,2021
3211,Kabupaten Sumedang,Hidup,Laki-Laki,9233,2021
3211,Kabupaten Sumedang,Hidup,Perempuan,8648,2021
3211,Kabupaten Sumedang,Mati,Laki-Laki,58,2021
3211,Kabupaten Sumedang,Mati,Perempuan,68,2021
3212,Kabupaten Indramayu,Hidup,Laki-Laki,14537,2021
3212,Kabupaten Indramayu,Hidup,Perempuan,14051,2021
3212,Kabupaten Indramayu,Mati,Laki-Laki,54,2021
3212,Kabupaten Indramayu,Mati,Perempuan,41,2021
3213,Kabupaten Subang,Hidup,Laki-Laki,16831,2021
3213,Kabupaten Subang,Hidup,Perempuan,16509,2021
3213,Kabupaten Subang,Mati,Laki-Laki,33,2021
3213,Kabupaten Subang,Mati,Perempuan,25,2021
3214,Kabupaten Purwakarta,Hidup,Laki-Laki,9105,2021
3214,Kabupaten Purwakarta,Hidup,Perempuan,8907,2021
3214,Kabupaten Purwakarta,Mati,Laki-Laki,42,2021
3214,Kabupaten Purwakarta,Mati,Perempuan,28,2021
3215,Kabupaten Karawang,Hidup,Laki-Laki,19515,2021
3215,Kabupaten Karawang,Hidup,Perempuan,20165,2021
3215,Kabupaten Karawang,Mati,Laki-Laki,46,2021
3215,Kabupaten Karawang,Mati,Perempuan,57,2021
3216,Kabupaten Bekasi,Hidup,Laki-Laki,37994,2021
3216,Kabupaten Bekasi,Hidup,Perempuan,35073,2021
3216,Kabupaten Bekasi,Mati,Laki-Laki,0,2021
3216,Kabupaten Bekasi,Mati,Perempuan,1,2021
3217,Kabupaten Bandung Barat,Hidup,Laki-Laki,13653,2021
3217,Kabupaten Bandung Barat,Hidup,Perempuan,12347,2021
3217,Kabupaten Bandung Barat,Mati,Laki-Laki,62,2021
3217,Kabupaten Bandung Barat,Mati,Perempuan,54,2021
3218,Kabupaten Pangandaran,Hidup,Laki-Laki,3162,2021
3218,Kabupaten Pangandaran,Hidup,Perempuan,2858,2021
3218,Kabupaten Pangandaran,Mati,Laki-Laki,32,2021
3218,Kabupaten Pangandaran,Mati,Perempuan,17,2021
3271,Kota Bogor,Hidup,Laki-Laki,8775,2021
3271,Kota Bogor,Hidup,Perempuan,8809,2021
3271,Kota Bogor,Mati,Laki-Laki,20,2021
3271,Kota Bogor,Mati,Perempuan,9,2021
3272,Kota Sukabumi,Hidup,Laki-Laki,3108,2021
3272,Kota Sukabumi,Hidup,Perempuan,2663,2021
3272,Kota Sukabumi,Mati,Laki-Laki,7,2021
3272,Kota Sukabumi,Mati,Perempuan,3,2021
3273,Kota Bandung,Hidup,Laki-Laki,17270,2021
3273,Kota Bandung,Hidup,Perempuan,17132,2021
3273,Kota Bandung,Mati,Laki-Laki,8,2021
3273,Kota Bandung,Mati,Perempuan,6,2021
3274,Kota Cirebon,Hidup,Laki-Laki,2561,2021
3274,Kota Cirebon,Hidup,Perempuan,2501,2021
3274,Kota Cirebon,Mati,Laki-Laki,4,2021
3274,Kota Cirebon,Mati,Perempuan,4,2021
3275,Kota Bekasi,Hidup,Laki-Laki,21757,2021
3275,Kota Bekasi,Hidup,Perempuan,22377,2021
3275,Kota Bekasi,Mati,Laki-Laki,31,2021
3275,Kota Bekasi,Mati,Perempuan,21,2021
3276,Kota Depok,Hidup,Laki-Laki,21181,2021
3276,Kota Depok,Hidup,Perempuan,20597,2021
3276,Kota Depok,Mati,Laki-Laki,21,2021
3276,Kota Depok,Mati,Perempuan,21,2021
3277,Kota Cimahi,Hidup,Laki-Laki,5158,2021
3277,Kota Cimahi,Hidup,Perempuan,5080,2021
3277,Kota Cimahi,Mati,Laki-Laki,25,2021
3277,Kota Cimahi,Mati,Perempuan,20,2021
3278,Kota Tasikmalaya,Hidup,Laki-Laki,5825,2021
3278,Kota Tasikmalaya,Hidup,Perempuan,5695,2021
3278,Kota Tasikmalaya,Mati,Laki-Laki,2,2021
3278,Kota Tasikmalaya,Mati,Perempuan,3,2021
3279,Kota Banjar,Hidup,Laki-Laki,1511,2021
3279,Kota Banjar,Hidup,Perempuan,1338,2021
3279,Kota Banjar,Mati,Laki-Laki,16,2021
3279,Kota Banjar,Mati,Perempuan,19,2021
3201,Kabupaten Bogor,Hidup,Laki-Laki,55832,2022
3201,Kabupaten Bogor,Hidup,Perempuan,55180,2022
3201,Kabupaten Bogor,Mati,Laki-Laki,76,2022
3201,Kabupaten Bogor,Mati,Perempuan,65,2022
3202,Kabupaten Sukabumi,Hidup,Laki-Laki,21319,2022
3202,Kabupaten Sukabumi,Hidup,Perempuan,20189,2022
3202,Kabupaten Sukabumi,Mati,Laki-Laki,50,2022
3202,Kabupaten Sukabumi,Mati,Perempuan,53,2022
3203,Kabupaten Cianjur,Hidup,Laki-Laki,21112,2022
3203,Kabupaten Cianjur,Hidup,Perempuan,19810,2022
3203,Kabupaten Cianjur,Mati,Laki-Laki,29,2022
3203,Kabupaten Cianjur,Mati,Perempuan,19,2022
3204,Kabupaten Bandung,Hidup,Laki-Laki,31234,2022
3204,Kabupaten Bandung,Hidup,Perempuan,29301,2022
3204,Kabupaten Bandung,Mati,Laki-Laki,63,2022
3204,Kabupaten Bandung,Mati,Perempuan,31,2022
3205,Kabupaten Garut,Hidup,Laki-Laki,23562,2022
3205,Kabupaten Garut,Hidup,Perempuan,23290,2022
3205,Kabupaten Garut,Mati,Laki-Laki,178,2022
3205,Kabupaten Garut,Mati,Perempuan,178,2022
3206,Kabupaten Tasikmalaya,Hidup,Laki-Laki,14617,2022
3206,Kabupaten Tasikmalaya,Hidup,Perempuan,13923,2022
3206,Kabupaten Tasikmalaya,Mati,Laki-Laki,76,2022
3206,Kabupaten Tasikmalaya,Mati,Perempuan,72,2022
3207,Kabupaten Ciamis,Hidup,Laki-Laki,8922,2022
3207,Kabupaten Ciamis,Hidup,Perempuan,8373,2022
3207,Kabupaten Ciamis,Mati,Laki-Laki,72,2022
3207,Kabupaten Ciamis,Mati,Perempuan,40,2022
3208,Kabupaten Kuningan,Hidup,Laki-Laki,8526,2022
3208,Kabupaten Kuningan,Hidup,Perempuan,8047,2022
3208,Kabupaten Kuningan,Mati,Laki-Laki,78,2022
3208,Kabupaten Kuningan,Mati,Perempuan,34,2022
3209,Kabupaten Cirebon,Hidup,Laki-Laki,20992,2022
3209,Kabupaten Cirebon,Hidup,Perempuan,22246,2022
3209,Kabupaten Cirebon,Mati,Laki-Laki,38,2022
3209,Kabupaten Cirebon,Mati,Perempuan,43,2022
3210,Kabupaten Majalengka,Hidup,Laki-Laki,9426,2022
3210,Kabupaten Majalengka,Hidup,Perempuan,9048,2022
3210,Kabupaten Majalengka,Mati,Laki-Laki,21,2022
3210,Kabupaten Majalengka,Mati,Perempuan,31,2022
3211,Kabupaten Sumedang,Hidup,Laki-Laki,8290,2022
3211,Kabupaten Sumedang,Hidup,Perempuan,7697,2022
3211,Kabupaten Sumedang,Mati,Laki-Laki,59,2022
3211,Kabupaten Sumedang,Mati,Perempuan,64,2022
3212,Kabupaten Indramayu,Hidup,Laki-Laki,13634,2022
3212,Kabupaten Indramayu,Hidup,Perempuan,13071,2022
3212,Kabupaten Indramayu,Mati,Laki-Laki,59,2022
3212,Kabupaten Indramayu,Mati,Perempuan,28,2022
3213,Kabupaten Subang,Hidup,Laki-Laki,10828,2022
3213,Kabupaten Subang,Hidup,Perempuan,11089,2022
3213,Kabupaten Subang,Mati,Laki-Laki,43,2022
3213,Kabupaten Subang,Mati,Perempuan,34,2022
3214,Kabupaten Purwakarta,Hidup,Laki-Laki,8133,2022
3214,Kabupaten Purwakarta,Hidup,Perempuan,8039,2022
3214,Kabupaten Purwakarta,Mati,Laki-Laki,32,2022
3214,Kabupaten Purwakarta,Mati,Perempuan,24,2022
3215,Kabupaten Karawang,Hidup,Laki-Laki,18751,2022
3215,Kabupaten Karawang,Hidup,Perempuan,19236,2022
3215,Kabupaten Karawang,Mati,Laki-Laki,58,2022
3215,Kabupaten Karawang,Mati,Perempuan,51,2022
3216,Kabupaten Bekasi,Hidup,Laki-Laki,39076,2022
3216,Kabupaten Bekasi,Hidup,Perempuan,36070,2022
3216,Kabupaten Bekasi,Mati,Laki-Laki,7,2022
3216,Kabupaten Bekasi,Mati,Perempuan,16,2022
3217,Kabupaten Bandung Barat,Hidup,Laki-Laki,15340,2022
3217,Kabupaten Bandung Barat,Hidup,Perempuan,13928,2022
3217,Kabupaten Bandung Barat,Mati,Laki-Laki,24,2022
3217,Kabupaten Bandung Barat,Mati,Perempuan,27,2022
3218,Kabupaten Pangandaran,Hidup,Laki-Laki,2858,2022
3218,Kabupaten Pangandaran,Hidup,Perempuan,2743,2022
3218,Kabupaten Pangandaran,Mati,Laki-Laki,33,2022
3218,Kabupaten Pangandaran,Mati,Perempuan,14,2022
3271,Kota Bogor,Hidup,Laki-Laki,8923,2022
3271,Kota Bogor,Hidup,Perempuan,8822,2022
3271,Kota Bogor,Mati,Laki-Laki,27,2022
3271,Kota Bogor,Mati,Perempuan,24,2022
3272,Kota Sukabumi,Hidup,Laki-Laki,2902,2022
3272,Kota Sukabumi,Hidup,Perempuan,2632,2022
3272,Kota Sukabumi,Mati,Laki-Laki,5,2022
3272,Kota Sukabumi,Mati,Perempuan,6,2022
3273,Kota Bandung,Hidup,Laki-Laki,17762,2022
3273,Kota Bandung,Hidup,Perempuan,17879,2022
3273,Kota Bandung,Mati,Laki-Laki,31,2022
3273,Kota Bandung,Mati,Perempuan,30,2022
3274,Kota Cirebon,Hidup,Laki-Laki,2578,2022
3274,Kota Cirebon,Hidup,Perempuan,2129,2022
3274,Kota Cirebon,Mati,Laki-Laki,12,2022
3274,Kota Cirebon,Mati,Perempuan,12,2022
3275,Kota Bekasi,Hidup,Laki-Laki,22766,2022
3275,Kota Bekasi,Hidup,Perempuan,22959,2022
3275,Kota Bekasi,Mati,Laki-Laki,35,2022
3275,Kota Bekasi,Mati,Perempuan,12,2022
3276,Kota Depok,Hidup,Laki-Laki,21708,2022
3276,Kota Depok,Hidup,Perempuan,21039,2022
3276,Kota Depok,Mati,Laki-Laki,20,2022
3276,Kota Depok,Mati,Perempuan,21,2022
3277,Kota Cimahi,Hidup,Laki-Laki,5228,2022
3277,Kota Cimahi,Hidup,Perempuan,5266,2022
3277,Kota Cimahi,Mati,Laki-Laki,18,2022
3277,Kota Cimahi,Mati,Perempuan,15,2022
3278,Kota Tasikmalaya,Hidup,Laki-Laki,5647,2022
3278,Kota Tasikmalaya,Hidup,Perempuan,5433,2022
3278,Kota Tasikmalaya,Mati,Laki-Laki,5,2022
3278,Kota Tasikmalaya,Mati,Perempuan,1,2022
3279,Kota Banjar,Hidup,Laki-Laki,1452,2022
3279,Kota Banjar,Hidup,Perempuan,1274,2022
3279,Kota Banjar,Mati,Laki-Laki,23,2022
3279,Kota Banjar,Mati,Perempuan,19,2022
3201,Kabupaten Bogor,Hidup,Laki-Laki,54034,2023
3201,Kabupaten Bogor,Hidup,Perempuan,53665,2023
3201,Kabupaten Bogor,Mati,Laki-Laki,68,2023
3201,Kabupaten Bogor,Mati,Perempuan,51,2023
3202,Kabupaten Sukabumi,Hidup,Laki-Laki,22300,2023
3202,Kabupaten Sukabumi,Hidup,Perempuan,20695,2023
3202,Kabupaten Sukabumi,Mati,Laki-Laki,16,2023
3202,Kabupaten Sukabumi,Mati,Perempuan,7,2023
3203,Kabupaten Cianjur,Hidup,Laki-Laki,20431,2023
3203,Kabupaten Cianjur,Hidup,Perempuan,19064,2023
3203,Kabupaten Cianjur,Mati,Laki-Laki,37,2023
3203,Kabupaten Cianjur,Mati,Perempuan,25,2023
3204,Kabupaten Bandung,Hidup,Laki-Laki,30964,2023
3204,Kabupaten Bandung,Hidup,Perempuan,29132,2023
3204,Kabupaten Bandung,Mati,Laki-Laki,105,2023
3204,Kabupaten Bandung,Mati,Perempuan,68,2023
3205,Kabupaten Garut,Hidup,Laki-Laki,22447,2023
3205,Kabupaten Garut,Hidup,Perempuan,21631,2023
3205,Kabupaten Garut,Mati,Laki-Laki,101,2023
3205,Kabupaten Garut,Mati,Perempuan,97,2023
3206,Kabupaten Tasikmalaya,Hidup,Laki-Laki,13501,2023
3206,Kabupaten Tasikmalaya,Hidup,Perempuan,12971,2023
3206,Kabupaten Tasikmalaya,Mati,Laki-Laki,96,2023
3206,Kabupaten Tasikmalaya,Mati,Perempuan,64,2023
3207,Kabupaten Ciamis,Hidup,Laki-Laki,8459,2023
3207,Kabupaten Ciamis,Hidup,Perempuan,7751,2023
3207,Kabupaten Ciamis,Mati,Laki-Laki,61,2023
3207,Kabupaten Ciamis,Mati,Perempuan,52,2023
3208,Kabupaten Kuningan,Hidup,Laki-Laki,8342,2023
3208,Kabupaten Kuningan,Hidup,Perempuan,7513,2023
3208,Kabupaten Kuningan,Mati,Laki-Laki,73,2023
3208,Kabupaten Kuningan,Mati,Perempuan,57,2023
3209,Kabupaten Cirebon,Hidup,Laki-Laki,20732,2023
3209,Kabupaten Cirebon,Hidup,Perempuan,21573,2023
3209,Kabupaten Cirebon,Mati,Laki-Laki,39,2023
3209,Kabupaten Cirebon,Mati,Perempuan,37,2023
3210,Kabupaten Majalengka,Hidup,Laki-Laki,9554,2023
3210,Kabupaten Majalengka,Hidup,Perempuan,8840,2023
3210,Kabupaten Majalengka,Mati,Laki-Laki,49,2023
3210,Kabupaten Majalengka,Mati,Perempuan,39,2023
3211,Kabupaten Sumedang,Hidup,Laki-Laki,8486,2023
3211,Kabupaten Sumedang,Hidup,Perempuan,7680,2023
3211,Kabupaten Sumedang,Mati,Laki-Laki,47,2023
3211,Kabupaten Sumedang,Mati,Perempuan,40,2023
3212,Kabupaten Indramayu,Hidup,Laki-Laki,12173,2023
3212,Kabupaten Indramayu,Hidup,Perempuan,12347,2023
3212,Kabupaten Indramayu,Mati,Laki-Laki,40,2023
3212,Kabupaten Indramayu,Mati,Perempuan,33,2023
3213,Kabupaten Subang,Hidup,Laki-Laki,11292,2023
3213,Kabupaten Subang,Hidup,Perempuan,11587,2023
3213,Kabupaten Subang,Mati,Laki-Laki,59,2023
3213,Kabupaten Subang,Mati,Perempuan,45,2023
3214,Kabupaten Purwakarta,Hidup,Laki-Laki,8863,2023
3214,Kabupaten Purwakarta,Hidup,Perempuan,8344,2023
3214,Kabupaten Purwakarta,Mati,Laki-Laki,45,2023
3214,Kabupaten Purwakarta,Mati,Perempuan,26,2023
3215,Kabupaten Karawang,Hidup,Laki-Laki,18457,2023
3215,Kabupaten Karawang,Hidup,Perempuan,18058,2023
3215,Kabupaten Karawang,Mati,Laki-Laki,56,2023
3215,Kabupaten Karawang,Mati,Perempuan,26,2023
3216,Kabupaten Bekasi,Hidup,Laki-Laki,39007,2023
3216,Kabupaten Bekasi,Hidup,Perempuan,38158,2023
3216,Kabupaten Bekasi,Mati,Laki-Laki,114,2023
3216,Kabupaten Bekasi,Mati,Perempuan,67,2023
3217,Kabupaten Bandung Barat,Hidup,Laki-Laki,15503,2023
3217,Kabupaten Bandung Barat,Hidup,Perempuan,14117,2023
3217,Kabupaten Bandung Barat,Mati,Laki-Laki,38,2023
3217,Kabupaten Bandung Barat,Mati,Perempuan,49,2023
3218,Kabupaten Pangandaran,Hidup,Laki-Laki,2744,2023
3218,Kabupaten Pangandaran,Hidup,Perempuan,2626,2023
3218,Kabupaten Pangandaran,Mati,Laki-Laki,25,2023
3218,Kabupaten Pangandaran,Mati,Perempuan,15,2023
3271,Kota Bogor,Hidup,Laki-Laki,9162,2023
3271,Kota Bogor,Hidup,Perempuan,9206,2023
3271,Kota Bogor,Mati,Laki-Laki,30,2023
3271,Kota Bogor,Mati,Perempuan,14,2023
3272,Kota Sukabumi,Hidup,Laki-Laki,3000,2023
3272,Kota Sukabumi,Hidup,Perempuan,2504,2023
3272,Kota Sukabumi,Mati,Laki-Laki,14,2023
3272,Kota Sukabumi,Mati,Perempuan,10,2023
3273,Kota Bandung,Hidup,Laki-Laki,17312,2023
3273,Kota Bandung,Hidup,Perempuan,17674,2023
3273,Kota Bandung,Mati,Laki-Laki,22,2023
3273,Kota Bandung,Mati,Perempuan,30,2023
3274,Kota Cirebon,Hidup,Laki-Laki,2395,2023
3274,Kota Cirebon,Hidup,Perempuan,2276,2023
3274,Kota Cirebon,Mati,Laki-Laki,6,2023
3274,Kota Cirebon,Mati,Perempuan,1,2023
3275,Kota Bekasi,Hidup,Laki-Laki,21798,2023
3275,Kota Bekasi,Hidup,Perempuan,21721,2023
3275,Kota Bekasi,Mati,Laki-Laki,195,2023
3275,Kota Bekasi,Mati,Perempuan,194,2023
3276,Kota Depok,Hidup,Laki-Laki,22178,2023
3276,Kota Depok,Hidup,Perempuan,21495,2023
3276,Kota Depok,Mati,Laki-Laki,48,2023
3276,Kota Depok,Mati,Perempuan,36,2023
3277,Kota Cimahi,Hidup,Laki-Laki,5017,2023
3277,Kota Cimahi,Hidup,Perempuan,5011,2023
3277,Kota Cimahi,Mati,Laki-Laki,20,2023
3277,Kota Cimahi,Mati,Perempuan,12,2023
3278,Kota Tasikmalaya,Hidup,Laki-Laki,5596,2023
3278,Kota Tasikmalaya,Hidup,Perempuan,5329,2023
3278,Kota Tasikmalaya,Mati,Laki-Laki,44,2023
3278,Kota Tasikmalaya,Mati,Perempuan,42,2023
3279,Kota Banjar,Hidup,Laki-Laki,1448,2023
3279,Kota Banjar,Hidup,Perempuan,1279,2023
3279,Kota Banjar,Mati,Laki-Laki,19,2023
3279,Kota Banjar,Mati,Perempuan,13,2023
