id,kode_provinsi,nama_provinsi,kode_kabupaten_kota,nama_kabupaten_kota,status_kelahiran,jenis_kelamin,jumlah_kelahiran,satuan,tahun
1,32,JAWA BARAT,3201,KABUPATEN BOGOR,HIDUP,LAKI-LAKI,61740,JIWA,2012
2,32,JAWA BARAT,3201,KABUPATEN BOGOR,HIDUP,PEREMPUAN,49720,JIWA,2012
3,32,JAWA BARAT,3201,KABUPATEN BOGOR,MATI,LAKI-LAKI,36,JIWA,2012
4,32,JAWA BARAT,3201,KABUPATEN BOGOR,MATI,PEREMPUAN,47,JIWA,2012
5,32,JAWA BARAT,3202,KABUPATEN SUKABUMI,HIDUP,LAKI-LAKI,22812,JIWA,2012
6,32,JAWA BARAT,3202,KABUPATEN SUKABUMI,HIDUP,PEREMPUAN,22849,JIWA,2012
7,32,JAWA BARAT,3202,KABUPATEN SUKABUMI,MATI,LAKI-LAKI,75,JIWA,2012
8,32,JAWA BARAT,3202,KABUPATEN SUKABUMI,MATI,PEREMPUAN,63,JIWA,2012
9,32,JAWA BARAT,3206,KABUPATEN TASIKMALAYA,HIDUP,LAKI-LAKI,18968,JIWA,2012
10,32,JAWA BARAT,3206,KABUPATEN TASIKMALAYA,HIDUP,PEREMPUAN,18271,JIWA,2012
11,32,JAWA BARAT,3210,KABUPATEN MAJALENGKA,HIDUP,LAKI-LAKI,11212,JIWA,2012
12,32,JAWA BARAT,3210,KABUPATEN MAJALENGKA,HIDUP,PEREMPUAN,10776,JIWA,2012
13,32,JAWA BARAT,3210,KABUPATEN MAJALENGKA,MATI,LAKI-LAKI,76,JIWA,2012
14,32,JAWA BARAT,3210,KABUPATEN MAJALENGKA,MATI,PEREMPUAN,78,JIWA,2012
15,32,JAWA BARAT,3212,KABUPATEN INDRAMAYU,HIDUP,LAKI-LAKI,17507,JIWA,2012
16,32,JAWA BARAT,3212,KABUPATEN INDRAMAYU,HIDUP,PEREMPUAN,17707,JIWA,2012
17,32,JAWA BARAT,3212,KABUPATEN INDRAMAYU,MATI,LAKI-LAKI,98,JIWA,2012
18,32,JAWA BARAT,3212,KABUPATEN INDRAMAYU,MATI,PEREMPUAN,79,JIWA,2012
19,32,JAWA BARAT,3216,KABUPATEN BEKASI,HIDUP,LAKI-LAKI,32573,JIWA,2012
20,32,JAWA BARAT,3216,KABUPATEN BEKASI,HIDUP,PEREMPUAN,33547,JIWA,2012
21,32,JAWA BARAT,3216,KABUPATEN BEKASI,MATI,LAKI-LAKI,84,JIWA,2012
22,32,JAWA BARAT,3216,KABUPATEN BEKASI,MATI,PEREMPUAN,77,JIWA,2012
23,32,JAWA BARAT,3217,KABUPATEN BANDUNG BARAT,HIDUP,LAKI-LAKI,16410,JIWA,2012
24,32,JAWA BARAT,3217,KABUPATEN BANDUNG BARAT,HIDUP,PEREMPUAN,15002,JIWA,2012
25,32,JAWA BARAT,3217,KABUPATEN BANDUNG BARAT,MATI,LAKI-LAKI,41,JIWA,2012
26,32,JAWA BARAT,3217,KABUPATEN BANDUNG BARAT,MATI,PEREMPUAN,39,JIWA,2012
27,32,JAWA BARAT,3274,KOTA CIREBON,HIDUP,LAKI-LAKI,2850,JIWA,2012
28,32,JAWA BARAT,3274,KOTA CIREBON,HIDUP,PEREMPUAN,2654,JIWA,2012
29,32,JAWA BARAT,3274,KOTA CIREBON,MATI,LAKI-LAKI,24,JIWA,2012
30,32,JAWA BARAT,3274,KOTA CIREBON,MATI,PEREMPUAN,13,JIWA,2012
31,32,JAWA BARAT,3276,KOTA DEPOK,HIDUP,LAKI-LAKI,19565,JIWA,2012
32,32,JAWA BARAT,3276,KOTA DEPOK,HIDUP,PEREMPUAN,20816,JIWA,2012
33,32,JAWA BARAT,3276,KOTA DEPOK,MATI,LAKI-LAKI,28,JIWA,2012
34,32,JAWA BARAT,3276,KOTA DEPOK,MATI,PEREMPUAN,36,JIWA,2012
35,32,JAWA BARAT,3277,KOTA CIMAHI,HIDUP,LAKI-LAKI,5083,JIWA,2012
36,32,JAWA BARAT,3277,KOTA CIMAHI,HIDUP,PEREMPUAN,5549,JIWA,2012
37,32,JAWA BARAT,3277,KOTA CIMAHI,MATI,LAKI-LAKI,22,JIWA,2012
38,32,JAWA BARAT,3277,KOTA CIMAHI,MATI,PEREMPUAN,17,JIWA,2012
39,32,JAWA BARAT,3201,KABUPATEN BOGOR,HIDUP,LAKI-LAKI,57271,JIWA,2013
40,32,JAWA BARAT,3201,KABUPATEN BOGOR,HIDUP,PEREMPUAN,59044,JIWA,2013
41,32,JAWA BARAT,3201,KABUPATEN BOGOR,MATI,LAKI-LAKI,47,JIWA,2013
42,32,JAWA BARAT,3201,KABUPATEN BOGOR,MATI,PEREMPUAN,24,JIWA,2013
43,32,JAWA BARAT,3202,KABUPATEN SUKABUMI,HIDUP,LAKI-LAKI,24813,JIWA,2013
44,32,JAWA BARAT,3202,KABUPATEN SUKABUMI,HIDUP,PEREMPUAN,25098,JIWA,2013
45,32,JAWA BARAT,3202,KABUPATEN SUKABUMI,MATI,LAKI-LAKI,54,JIWA,2013
46,32,JAWA BARAT,3202,KABUPATEN SUKABUMI,MATI,PEREMPUAN,46,JIWA,2013
47,32,JAWA BARAT,3210,KABUPATEN MAJALENGKA,HIDUP,LAKI-LAKI,11296,JIWA,2013
48,32,JAWA BARAT,3210,KABUPATEN MAJALENGKA,HIDUP,PEREMPUAN,10447,JIWA,2013
49,32,JAWA BARAT,3210,KABUPATEN MAJALENGKA,MATI,LAKI-LAKI,86,JIWA,2013
50,32,JAWA BARAT,3210,KABUPATEN MAJALENGKA,MATI,PEREMPUAN,79,JIWA,2013
51,32,JAWA BARAT,3211,KABUPATEN SUMEDANG,HIDUP,LAKI-LAKI,10819,JIWA,2013
52,32,JAWA BARAT,3211,KABUPATEN SUMEDANG,HIDUP,PEREMPUAN,10449,JIWA,2013
53,32,JAWA BARAT,3211,KABUPATEN SUMEDANG,MATI,LAKI-LAKI,14,JIWA,2013
54,32,JAWA BARAT,3211,KABUPATEN SUMEDANG,MATI,PEREMPUAN,22,JIWA,2013
55,32,JAWA BARAT,3212,KABUPATEN INDRAMAYU,HIDUP,LAKI-LAKI,17121,JIWA,2013
56,32,JAWA BARAT,3212,KABUPATEN INDRAMAYU,HIDUP,PEREMPUAN,16933,JIWA,2013
57,32,JAWA BARAT,3212,KABUPATEN INDRAMAYU,MATI,LAKI-LAKI,76,JIWA,2013
58,32,JAWA BARAT,3212,KABUPATEN INDRAMAYU,MATI,PEREMPUAN,70,JIWA,2013
59,32,JAWA BARAT,3218,KABUPATEN PANGANDARAN,HIDUP,LAKI-LAKI,3344,JIWA,2013
60,32,JAWA BARAT,3218,KABUPATEN PANGANDARAN,HIDUP,PEREMPUAN,3342,JIWA,2013
61,32,JAWA BARAT,3218,KABUPATEN PANGANDARAN,MATI,LAKI-LAKI,28,JIWA,2013
62,32,JAWA BARAT,3218,KABUPATEN PANGANDARAN,MATI,PEREMPUAN,27,JIWA,2013
63,32,JAWA BARAT,3271,KOTA BOGOR,HIDUP,LAKI-LAKI,9574,JIWA,2013
64,32,JAWA BARAT,3271,KOTA BOGOR,HIDUP,PEREMPUAN,9004,JIWA,2013
65,32,JAWA BARAT,3272,KOTA SUKABUMI,HIDUP,LAKI-LAKI,3692,JIWA,2013
66,32,JAWA BARAT,3272,KOTA SUKABUMI,HIDUP,PEREMPUAN,3595,JIWA,2013
67,32,JAWA BARAT,3272,KOTA SUKABUMI,MATI,LAKI-LAKI,9,JIWA,2013
68,32,JAWA BARAT,3272,KOTA SUKABUMI,MATI,PEREMPUAN,8,JIWA,2013
69,32,JAWA BARAT,3274,KOTA CIREBON,HIDUP,LAKI-LAKI,2855,JIWA,2013
70,32,JAWA BARAT,3274,KOTA CIREBON,HIDUP,PEREMPUAN,2561,JIWA,2013
71,32,JAWA BARAT,3274,KOTA CIREBON,MATI,LAKI-LAKI,14,JIWA,2013
72,32,JAWA BARAT,3274,KOTA CIREBON,MATI,PEREMPUAN,10,JIWA,2013
73,32,JAWA BARAT,3276,KOTA DEPOK,HIDUP,LAKI-LAKI,20712,JIWA,2013
74,32,JAWA BARAT,3276,KOTA DEPOK,HIDUP,PEREMPUAN,21949,JIWA,2013
75,32,JAWA BARAT,3276,KOTA DEPOK,MATI,LAKI-LAKI,26,JIWA,2013
76,32,JAWA BARAT,3276,KOTA DEPOK,MATI,PEREMPUAN,25,JIWA,2013
77,32,JAWA BARAT,3277,KOTA CIMAHI,HIDUP,LAKI-LAKI,5116,JIWA,2013
78,32,JAWA BARAT,3277,KOTA CIMAHI,HIDUP,PEREMPUAN,5535,JIWA,2013
79,32,JAWA BARAT,3277,KOTA CIMAHI,MATI,LAKI-LAKI,19,JIWA,2013
80,32,JAWA BARAT,3277,KOTA CIMAHI,MATI,PEREMPUAN,19,JIWA,2013
81,32,JAWA BARAT,3278,KOTA TASIKMALAYA,HIDUP,LAKI-LAKI,6971,JIWA,2013
82,32,JAWA BARAT,3278,KOTA TASIKMALAYA,HIDUP,PEREMPUAN,6602,JIWA,2013
83,32,JAWA BARAT,3279,KOTA BANJAR,HIDUP,LAKI-LAKI,1801,JIWA,2013
84,32,JAWA BARAT,3279,KOTA BANJAR,HIDUP,PEREMPUAN,1534,JIWA,2013
85,32,JAWA BARAT,3279,KOTA BANJAR,MATI,LAKI-LAKI,13,JIWA,2013
86,32,JAWA BARAT,3279,KOTA BANJAR,MATI,PEREMPUAN,10,JIWA,2013
87,32,JAWA BARAT,3201,KABUPATEN BOGOR,HIDUP,LAKI-LAKI,59586,JIWA,2014
88,32,JAWA BARAT,3201,KABUPATEN BOGOR,HIDUP,PEREMPUAN,60786,JIWA,2014
89,32,JAWA BARAT,3201,KABUPATEN BOGOR,MATI,LAKI-LAKI,108,JIWA,2014
90,32,JAWA BARAT,3201,KABUPATEN BOGOR,MATI,PEREMPUAN,72,JIWA,2014
91,32,JAWA BARAT,3206,KABUPATEN TASIKMALAYA,HIDUP,LAKI-LAKI,16900,JIWA,2014
92,32,JAWA BARAT,3206,KABUPATEN TASIKMALAYA,HIDUP,PEREMPUAN,16035,JIWA,2014
93,32,JAWA BARAT,3206,KABUPATEN TASIKMALAYA,MATI,LAKI-LAKI,156,JIWA,2014
94,32,JAWA BARAT,3206,KABUPATEN TASIKMALAYA,MATI,PEREMPUAN,103,JIWA,2014
95,32,JAWA BARAT,3208,KABUPATEN KUNINGAN,HIDUP,LAKI-LAKI,10740,JIWA,2014
96,32,JAWA BARAT,3208,KABUPATEN KUNINGAN,HIDUP,PEREMPUAN,10277,JIWA,2014
97,32,JAWA BARAT,3208,KABUPATEN KUNINGAN,MATI,LAKI-LAKI,68,JIWA,2014
98,32,JAWA BARAT,3208,KABUPATEN KUNINGAN,MATI,PEREMPUAN,26,JIWA,2014
99,32,JAWA BARAT,3211,KABUPATEN SUMEDANG,HIDUP,LAKI-LAKI,10668,JIWA,2014
100,32,JAWA BARAT,3211,KABUPATEN SUMEDANG,HIDUP,PEREMPUAN,10207,JIWA,2014
101,32,JAWA BARAT,3211,KABUPATEN SUMEDANG,MATI,LAKI-LAKI,9,JIWA,2014
102,32,JAWA BARAT,3211,KABUPATEN SUMEDANG,MATI,PEREMPUAN,5,JIWA,2014
103,32,JAWA BARAT,3214,KABUPATEN PURWAKARTA,HIDUP,LAKI-LAKI,12680,JIWA,2014
104,32,JAWA BARAT,3214,KABUPATEN PURWAKARTA,HIDUP,PEREMPUAN,10374,JIWA,2014
105,32,JAWA BARAT,3214,KABUPATEN PURWAKARTA,MATI,LAKI-LAKI,73,JIWA,2014
106,32,JAWA BARAT,3214,KABUPATEN PURWAKARTA,MATI,PEREMPUAN,61,JIWA,2014
107,32,JAWA BARAT,3217,KABUPATEN BANDUNG BARAT,HIDUP,LAKI-LAKI,14905,JIWA,2014
108,32,JAWA BARAT,3217,KABUPATEN BANDUNG BARAT,HIDUP,PEREMPUAN,13995,JIWA,2014
109,32,JAWA BARAT,3217,KABUPATEN BANDUNG BARAT,MATI,LAKI-LAKI,85,JIWA,2014
110,32,JAWA BARAT,3217,KABUPATEN BANDUNG BARAT,MATI,PEREMPUAN,35,JIWA,2014
111,32,JAWA BARAT,3271,KOTA BOGOR,HIDUP,LAKI-LAKI,9743,JIWA,2014
112,32,JAWA BARAT,3271,KOTA BOGOR,HIDUP,PEREMPUAN,9986,JIWA,2014
113,32,JAWA BARAT,3271,KOTA BOGOR,MATI,LAKI-LAKI,11,JIWA,2014
114,32,JAWA BARAT,3271,KOTA BOGOR,MATI,PEREMPUAN,10,JIWA,2014
115,32,JAWA BARAT,3274,KOTA CIREBON,HIDUP,LAKI-LAKI,2874,JIWA,2014
116,32,JAWA BARAT,3274,KOTA CIREBON,HIDUP,PEREMPUAN,2581,JIWA,2014
117,32,JAWA BARAT,3274,KOTA CIREBON,MATI,LAKI-LAKI,18,JIWA,2014
118,32,JAWA BARAT,3274,KOTA CIREBON,MATI,PEREMPUAN,10,JIWA,2014
119,32,JAWA BARAT,3276,KOTA DEPOK,HIDUP,LAKI-LAKI,22789,JIWA,2014
120,32,JAWA BARAT,3276,KOTA DEPOK,HIDUP,PEREMPUAN,23890,JIWA,2014
121,32,JAWA BARAT,3276,KOTA DEPOK,MATI,LAKI-LAKI,26,JIWA,2014
122,32,JAWA BARAT,3276,KOTA DEPOK,MATI,PEREMPUAN,29,JIWA,2014
123,32,JAWA BARAT,3278,KOTA TASIKMALAYA,HIDUP,LAKI-LAKI,6932,JIWA,2014
124,32,JAWA BARAT,3278,KOTA TASIKMALAYA,HIDUP,PEREMPUAN,6495,JIWA,2014
125,32,JAWA BARAT,3278,KOTA TASIKMALAYA,MATI,LAKI-LAKI,60,JIWA,2014
126,32,JAWA BARAT,3278,KOTA TASIKMALAYA,MATI,PEREMPUAN,33,JIWA,2014
127,32,JAWA BARAT,3201,KABUPATEN BOGOR,HIDUP,LAKI-LAKI,63709,JIWA,2015
128,32,JAWA BARAT,3201,KABUPATEN BOGOR,HIDUP,PEREMPUAN,63993,JIWA,2015
129,32,JAWA BARAT,3201,KABUPATEN BOGOR,MATI,LAKI-LAKI,142,JIWA,2015
130,32,JAWA BARAT,3201,KABUPATEN BOGOR,MATI,PEREMPUAN,100,JIWA,2015
131,32,JAWA BARAT,3202,KABUPATEN SUKABUMI,HIDUP,LAKI-LAKI,24497,JIWA,2015
132,32,JAWA BARAT,3202,KABUPATEN SUKABUMI,HIDUP,PEREMPUAN,24983,JIWA,2015
133,32,JAWA BARAT,3202,KABUPATEN SUKABUMI,MATI,LAKI-LAKI,243,JIWA,2015
134,32,JAWA BARAT,3202,KABUPATEN SUKABUMI,MATI,PEREMPUAN,25,JIWA,2015
135,32,JAWA BARAT,3204,KABUPATEN BANDUNG,HIDUP,LAKI-LAKI,34373,JIWA,2015
136,32,JAWA BARAT,3204,KABUPATEN BANDUNG,HIDUP,PEREMPUAN,34561,JIWA,2015
137,32,JAWA BARAT,3204,KABUPATEN BANDUNG,MATI,LAKI-LAKI,94,JIWA,2015
138,32,JAWA BARAT,3204,KABUPATEN BANDUNG,MATI,PEREMPUAN,79,JIWA,2015
139,32,JAWA BARAT,3205,KABUPATEN GARUT,HIDUP,LAKI-LAKI,26330,JIWA,2015
140,32,JAWA BARAT,3205,KABUPATEN GARUT,HIDUP,PEREMPUAN,26518,JIWA,2015
141,32,JAWA BARAT,3205,KABUPATEN GARUT,MATI,LAKI-LAKI,94,JIWA,2015
142,32,JAWA BARAT,3205,KABUPATEN GARUT,MATI,PEREMPUAN,63,JIWA,2015
143,32,JAWA BARAT,3206,KABUPATEN TASIKMALAYA,HIDUP,LAKI-LAKI,16281,JIWA,2015
144,32,JAWA BARAT,3206,KABUPATEN TASIKMALAYA,HIDUP,PEREMPUAN,16639,JIWA,2015
145,32,JAWA BARAT,3206,KABUPATEN TASIKMALAYA,MATI,LAKI-LAKI,179,JIWA,2015
146,32,JAWA BARAT,3206,KABUPATEN TASIKMALAYA,MATI,PEREMPUAN,107,JIWA,2015
147,32,JAWA BARAT,3207,KABUPATEN CIAMIS,HIDUP,LAKI-LAKI,9880,JIWA,2015
148,32,JAWA BARAT,3207,KABUPATEN CIAMIS,HIDUP,PEREMPUAN,10048,JIWA,2015
149,32,JAWA BARAT,3207,KABUPATEN CIAMIS,MATI,LAKI-LAKI,84,JIWA,2015
150,32,JAWA BARAT,3207,KABUPATEN CIAMIS,MATI,PEREMPUAN,68,JIWA,2015
151,32,JAWA BARAT,3208,KABUPATEN KUNINGAN,HIDUP,LAKI-LAKI,10964,JIWA,2015
152,32,JAWA BARAT,3208,KABUPATEN KUNINGAN,HIDUP,PEREMPUAN,11054,JIWA,2015
153,32,JAWA BARAT,3208,KABUPATEN KUNINGAN,MATI,LAKI-LAKI,45,JIWA,2015
154,32,JAWA BARAT,3208,KABUPATEN KUNINGAN,MATI,PEREMPUAN,36,JIWA,2015
155,32,JAWA BARAT,3210,KABUPATEN MAJALENGKA,HIDUP,LAKI-LAKI,11180,JIWA,2015
156,32,JAWA BARAT,3210,KABUPATEN MAJALENGKA,HIDUP,PEREMPUAN,11360,JIWA,2015
157,32,JAWA BARAT,3210,KABUPATEN MAJALENGKA,MATI,LAKI-LAKI,90,JIWA,2015
158,32,JAWA BARAT,3210,KABUPATEN MAJALENGKA,MATI,PEREMPUAN,40,JIWA,2015
159,32,JAWA BARAT,3211,KABUPATEN SUMEDANG,HIDUP,LAKI-LAKI,10648,JIWA,2015
160,32,JAWA BARAT,3211,KABUPATEN SUMEDANG,HIDUP,PEREMPUAN,10796,JIWA,2015
161,32,JAWA BARAT,3211,KABUPATEN SUMEDANG,MATI,LAKI-LAKI,74,JIWA,2015
162,32,JAWA BARAT,3211,KABUPATEN SUMEDANG,MATI,PEREMPUAN,45,JIWA,2015
163,32,JAWA BARAT,3212,KABUPATEN INDRAMAYU,HIDUP,LAKI-LAKI,18388,JIWA,2015
164,32,JAWA BARAT,3212,KABUPATEN INDRAMAYU,HIDUP,PEREMPUAN,18692,JIWA,2015
165,32,JAWA BARAT,3212,KABUPATEN INDRAMAYU,MATI,LAKI-LAKI,152,JIWA,2015
166,32,JAWA BARAT,3212,KABUPATEN INDRAMAYU,MATI,PEREMPUAN,90,JIWA,2015
167,32,JAWA BARAT,3213,KABUPATEN SUBANG,HIDUP,LAKI-LAKI,15527,JIWA,2015
168,32,JAWA BARAT,3213,KABUPATEN SUBANG,HIDUP,PEREMPUAN,15673,JIWA,2015
169,32,JAWA BARAT,3213,KABUPATEN SUBANG,MATI,LAKI-LAKI,73,JIWA,2015
170,32,JAWA BARAT,3213,KABUPATEN SUBANG,MATI,PEREMPUAN,72,JIWA,2015
171,32,JAWA BARAT,3214,KABUPATEN PURWAKARTA,HIDUP,LAKI-LAKI,10122,JIWA,2015
172,32,JAWA BARAT,3214,KABUPATEN PURWAKARTA,HIDUP,PEREMPUAN,10252,JIWA,2015
173,32,JAWA BARAT,3214,KABUPATEN PURWAKARTA,MATI,LAKI-LAKI,65,JIWA,2015
174,32,JAWA BARAT,3214,KABUPATEN PURWAKARTA,MATI,PEREMPUAN,35,JIWA,2015
175,32,JAWA BARAT,3215,KABUPATEN KARAWANG,HIDUP,LAKI-LAKI,26621,JIWA,2015
176,32,JAWA BARAT,3215,KABUPATEN KARAWANG,HIDUP,PEREMPUAN,27828,JIWA,2015
177,32,JAWA BARAT,3215,KABUPATEN KARAWANG,MATI,LAKI-LAKI,74,JIWA,2015
178,32,JAWA BARAT,3215,KABUPATEN KARAWANG,MATI,PEREMPUAN,88,JIWA,2015
179,32,JAWA BARAT,3216,KABUPATEN BEKASI,HIDUP,LAKI-LAKI,48347,JIWA,2015
180,32,JAWA BARAT,3216,KABUPATEN BEKASI,HIDUP,PEREMPUAN,48445,JIWA,2015
181,32,JAWA BARAT,3216,KABUPATEN BEKASI,MATI,LAKI-LAKI,49,JIWA,2015
182,32,JAWA BARAT,3216,KABUPATEN BEKASI,MATI,PEREMPUAN,45,JIWA,2015
183,32,JAWA BARAT,3217,KABUPATEN BANDUNG BARAT,HIDUP,LAKI-LAKI,14760,JIWA,2015
184,32,JAWA BARAT,3217,KABUPATEN BANDUNG BARAT,HIDUP,PEREMPUAN,14926,JIWA,2015
185,32,JAWA BARAT,3217,KABUPATEN BANDUNG BARAT,MATI,LAKI-LAKI,83,JIWA,2015
186,32,JAWA BARAT,3217,KABUPATEN BANDUNG BARAT,MATI,PEREMPUAN,64,JIWA,2015
187,32,JAWA BARAT,3218,KABUPATEN PANGANDARAN,HIDUP,LAKI-LAKI,3060,JIWA,2015
188,32,JAWA BARAT,3218,KABUPATEN PANGANDARAN,HIDUP,PEREMPUAN,3134,JIWA,2015
189,32,JAWA BARAT,3218,KABUPATEN PANGANDARAN,MATI,LAKI-LAKI,37,JIWA,2015
190,32,JAWA BARAT,3218,KABUPATEN PANGANDARAN,MATI,PEREMPUAN,35,JIWA,2015
191,32,JAWA BARAT,3271,KOTA BOGOR,HIDUP,LAKI-LAKI,9461,JIWA,2015
192,32,JAWA BARAT,3271,KOTA BOGOR,HIDUP,PEREMPUAN,9551,JIWA,2015
193,32,JAWA BARAT,3271,KOTA BOGOR,MATI,LAKI-LAKI,45,JIWA,2015
194,32,JAWA BARAT,3271,KOTA BOGOR,MATI,PEREMPUAN,12,JIWA,2015
195,32,JAWA BARAT,3272,KOTA SUKABUMI,HIDUP,LAKI-LAKI,3197,JIWA,2015
196,32,JAWA BARAT,3272,KOTA SUKABUMI,HIDUP,PEREMPUAN,3219,JIWA,2015
197,32,JAWA BARAT,3272,KOTA SUKABUMI,MATI,LAKI-LAKI,11,JIWA,2015
198,32,JAWA BARAT,3272,KOTA SUKABUMI,MATI,PEREMPUAN,13,JIWA,2015
199,32,JAWA BARAT,3273,KOTA BANDUNG,HIDUP,LAKI-LAKI,23431,JIWA,2015
200,32,JAWA BARAT,3273,KOTA BANDUNG,HIDUP,PEREMPUAN,23599,JIWA,2015
201,32,JAWA BARAT,3273,KOTA BANDUNG,MATI,LAKI-LAKI,84,JIWA,2015
202,32,JAWA BARAT,3273,KOTA BANDUNG,MATI,PEREMPUAN,12,JIWA,2015
203,32,JAWA BARAT,3274,KOTA CIREBON,HIDUP,LAKI-LAKI,2802,JIWA,2015
204,32,JAWA BARAT,3274,KOTA CIREBON,HIDUP,PEREMPUAN,2834,JIWA,2015
205,32,JAWA BARAT,3274,KOTA CIREBON,MATI,LAKI-LAKI,16,JIWA,2015
206,32,JAWA BARAT,3274,KOTA CIREBON,MATI,PEREMPUAN,6,JIWA,2015
207,32,JAWA BARAT,3275,KOTA BEKASI,HIDUP,LAKI-LAKI,29003,JIWA,2015
208,32,JAWA BARAT,3275,KOTA BEKASI,HIDUP,PEREMPUAN,29111,JIWA,2015
209,32,JAWA BARAT,3275,KOTA BEKASI,MATI,LAKI-LAKI,54,JIWA,2015
210,32,JAWA BARAT,3275,KOTA BEKASI,MATI,PEREMPUAN,28,JIWA,2015
211,32,JAWA BARAT,3276,KOTA DEPOK,HIDUP,LAKI-LAKI,19742,JIWA,2015
212,32,JAWA BARAT,3276,KOTA DEPOK,HIDUP,PEREMPUAN,20444,JIWA,2015
213,32,JAWA BARAT,3276,KOTA DEPOK,MATI,LAKI-LAKI,25,JIWA,2015
214,32,JAWA BARAT,3276,KOTA DEPOK,MATI,PEREMPUAN,10,JIWA,2015
215,32,JAWA BARAT,3277,KOTA CIMAHI,HIDUP,LAKI-LAKI,5207,JIWA,2015
216,32,JAWA BARAT,3277,KOTA CIMAHI,HIDUP,PEREMPUAN,5313,JIWA,2015
217,32,JAWA BARAT,3277,KOTA CIMAHI,MATI,LAKI-LAKI,53,JIWA,2015
218,32,JAWA BARAT,3277,KOTA CIMAHI,MATI,PEREMPUAN,26,JIWA,2015
219,32,JAWA BARAT,3278,KOTA TASIKMALAYA,HIDUP,LAKI-LAKI,6215,JIWA,2015
220,32,JAWA BARAT,3278,KOTA TASIKMALAYA,HIDUP,PEREMPUAN,6299,JIWA,2015
221,32,JAWA BARAT,3278,KOTA TASIKMALAYA,MATI,LAKI-LAKI,42,JIWA,2015
222,32,JAWA BARAT,3278,KOTA TASIKMALAYA,MATI,PEREMPUAN,39,JIWA,2015
223,32,JAWA BARAT,3201,KABUPATEN BOGOR,HIDUP,LAKI-LAKI,61375,JIWA,2016
224,32,JAWA BARAT,3201,KABUPATEN BOGOR,HIDUP,PEREMPUAN,63405,JIWA,2016
225,32,JAWA BARAT,3201,KABUPATEN BOGOR,MATI,LAKI-LAKI,95,JIWA,2016
226,32,JAWA BARAT,3201,KABUPATEN BOGOR,MATI,PEREMPUAN,113,JIWA,2016
227,32,JAWA BARAT,3202,KABUPATEN SUKABUMI,HIDUP,LAKI-LAKI,24045,JIWA,2016
228,32,JAWA BARAT,3202,KABUPATEN SUKABUMI,HIDUP,PEREMPUAN,22611,JIWA,2016
229,32,JAWA BARAT,3202,KABUPATEN SUKABUMI,MATI,LAKI-LAKI,36,JIWA,2016
230,32,JAWA BARAT,3202,KABUPATEN SUKABUMI,MATI,PEREMPUAN,25,JIWA,2016
231,32,JAWA BARAT,3204,KABUPATEN BANDUNG,HIDUP,LAKI-LAKI,32245,JIWA,2016
232,32,JAWA BARAT,3204,KABUPATEN BANDUNG,HIDUP,PEREMPUAN,30521,JIWA,2016
233,32,JAWA BARAT,3204,KABUPATEN BANDUNG,MATI,LAKI-LAKI,45,JIWA,2016
234,32,JAWA BARAT,3204,KABUPATEN BANDUNG,MATI,PEREMPUAN,33,JIWA,2016
235,32,JAWA BARAT,3205,KABUPATEN GARUT,HIDUP,LAKI-LAKI,28656,JIWA,2016
236,32,JAWA BARAT,3205,KABUPATEN GARUT,HIDUP,PEREMPUAN,27521,JIWA,2016
237,32,JAWA BARAT,3205,KABUPATEN GARUT,MATI,LAKI-LAKI,103,JIWA,2016
238,32,JAWA BARAT,3205,KABUPATEN GARUT,MATI,PEREMPUAN,126,JIWA,2016
239,32,JAWA BARAT,3206,KABUPATEN TASIKMALAYA,HIDUP,LAKI-LAKI,15507,JIWA,2016
240,32,JAWA BARAT,3206,KABUPATEN TASIKMALAYA,HIDUP,PEREMPUAN,15479,JIWA,2016
241,32,JAWA BARAT,3206,KABUPATEN TASIKMALAYA,MATI,LAKI-LAKI,109,JIWA,2016
242,32,JAWA BARAT,3206,KABUPATEN TASIKMALAYA,MATI,PEREMPUAN,104,JIWA,2016
243,32,JAWA BARAT,3207,KABUPATEN CIAMIS,HIDUP,LAKI-LAKI,9648,JIWA,2016
244,32,JAWA BARAT,3207,KABUPATEN CIAMIS,HIDUP,PEREMPUAN,8782,JIWA,2016
245,32,JAWA BARAT,3207,KABUPATEN CIAMIS,MATI,LAKI-LAKI,92,JIWA,2016
246,32,JAWA BARAT,3207,KABUPATEN CIAMIS,MATI,PEREMPUAN,63,JIWA,2016
247,32,JAWA BARAT,3208,KABUPATEN KUNINGAN,HIDUP,LAKI-LAKI,10319,JIWA,2016
248,32,JAWA BARAT,3208,KABUPATEN KUNINGAN,HIDUP,PEREMPUAN,9574,JIWA,2016
249,32,JAWA BARAT,3208,KABUPATEN KUNINGAN,MATI,LAKI-LAKI,52,JIWA,2016
250,32,JAWA BARAT,3208,KABUPATEN KUNINGAN,MATI,PEREMPUAN,33,JIWA,2016
251,32,JAWA BARAT,3210,KABUPATEN MAJALENGKA,HIDUP,LAKI-LAKI,10857,JIWA,2016
252,32,JAWA BARAT,3210,KABUPATEN MAJALENGKA,HIDUP,PEREMPUAN,10006,JIWA,2016
253,32,JAWA BARAT,3210,KABUPATEN MAJALENGKA,MATI,LAKI-LAKI,33,JIWA,2016
254,32,JAWA BARAT,3210,KABUPATEN MAJALENGKA,MATI,PEREMPUAN,27,JIWA,2016
255,32,JAWA BARAT,3211,KABUPATEN SUMEDANG,HIDUP,LAKI-LAKI,10340,JIWA,2016
256,32,JAWA BARAT,3211,KABUPATEN SUMEDANG,HIDUP,PEREMPUAN,9715,JIWA,2016
257,32,JAWA BARAT,3211,KABUPATEN SUMEDANG,MATI,LAKI-LAKI,32,JIWA,2016
258,32,JAWA BARAT,3211,KABUPATEN SUMEDANG,MATI,PEREMPUAN,30,JIWA,2016
259,32,JAWA BARAT,3212,KABUPATEN INDRAMAYU,HIDUP,LAKI-LAKI,17725,JIWA,2016
260,32,JAWA BARAT,3212,KABUPATEN INDRAMAYU,HIDUP,PEREMPUAN,17759,JIWA,2016
261,32,JAWA BARAT,3212,KABUPATEN INDRAMAYU,MATI,LAKI-LAKI,88,JIWA,2016
262,32,JAWA BARAT,3212,KABUPATEN INDRAMAYU,MATI,PEREMPUAN,71,JIWA,2016
263,32,JAWA BARAT,3213,KABUPATEN SUBANG,HIDUP,LAKI-LAKI,15654,JIWA,2016
264,32,JAWA BARAT,3213,KABUPATEN SUBANG,HIDUP,PEREMPUAN,15434,JIWA,2016
265,32,JAWA BARAT,3213,KABUPATEN SUBANG,MATI,LAKI-LAKI,85,JIWA,2016
266,32,JAWA BARAT,3213,KABUPATEN SUBANG,MATI,PEREMPUAN,94,JIWA,2016
267,32,JAWA BARAT,3214,KABUPATEN PURWAKARTA,HIDUP,LAKI-LAKI,10134,JIWA,2016
268,32,JAWA BARAT,3214,KABUPATEN PURWAKARTA,HIDUP,PEREMPUAN,9621,JIWA,2016
269,32,JAWA BARAT,3214,KABUPATEN PURWAKARTA,MATI,LAKI-LAKI,84,JIWA,2016
270,32,JAWA BARAT,3214,KABUPATEN PURWAKARTA,MATI,PEREMPUAN,38,JIWA,2016
271,32,JAWA BARAT,3215,KABUPATEN KARAWANG,HIDUP,LAKI-LAKI,23869,JIWA,2016
272,32,JAWA BARAT,3215,KABUPATEN KARAWANG,HIDUP,PEREMPUAN,25054,JIWA,2016
273,32,JAWA BARAT,3215,KABUPATEN KARAWANG,MATI,LAKI-LAKI,69,JIWA,2016
274,32,JAWA BARAT,3215,KABUPATEN KARAWANG,MATI,PEREMPUAN,56,JIWA,2016
275,32,JAWA BARAT,3216,KABUPATEN BEKASI,HIDUP,LAKI-LAKI,45878,JIWA,2016
276,32,JAWA BARAT,3216,KABUPATEN BEKASI,HIDUP,PEREMPUAN,48701,JIWA,2016
277,32,JAWA BARAT,3216,KABUPATEN BEKASI,MATI,LAKI-LAKI,45,JIWA,2016
278,32,JAWA BARAT,3216,KABUPATEN BEKASI,MATI,PEREMPUAN,35,JIWA,2016
279,32,JAWA BARAT,3217,KABUPATEN BANDUNG BARAT,HIDUP,LAKI-LAKI,15244,JIWA,2016
280,32,JAWA BARAT,3217,KABUPATEN BANDUNG BARAT,HIDUP,PEREMPUAN,14140,JIWA,2016
281,32,JAWA BARAT,3217,KABUPATEN BANDUNG BARAT,MATI,LAKI-LAKI,83,JIWA,2016
282,32,JAWA BARAT,3217,KABUPATEN BANDUNG BARAT,MATI,PEREMPUAN,48,JIWA,2016
283,32,JAWA BARAT,3218,KABUPATEN PANGANDARAN,HIDUP,LAKI-LAKI,3027,JIWA,2016
284,32,JAWA BARAT,3218,KABUPATEN PANGANDARAN,HIDUP,PEREMPUAN,3017,JIWA,2016
285,32,JAWA BARAT,3218,KABUPATEN PANGANDARAN,MATI,LAKI-LAKI,29,JIWA,2016
286,32,JAWA BARAT,3218,KABUPATEN PANGANDARAN,MATI,PEREMPUAN,28,JIWA,2016
287,32,JAWA BARAT,3271,KOTA BOGOR,HIDUP,LAKI-LAKI,9803,JIWA,2016
288,32,JAWA BARAT,3271,KOTA BOGOR,HIDUP,PEREMPUAN,10072,JIWA,2016
289,32,JAWA BARAT,3271,KOTA BOGOR,MATI,LAKI-LAKI,10,JIWA,2016
290,32,JAWA BARAT,3271,KOTA BOGOR,MATI,PEREMPUAN,2,JIWA,2016
291,32,JAWA BARAT,3272,KOTA SUKABUMI,HIDUP,LAKI-LAKI,3097,JIWA,2016
292,32,JAWA BARAT,3272,KOTA SUKABUMI,HIDUP,PEREMPUAN,3048,JIWA,2016
293,32,JAWA BARAT,3272,KOTA SUKABUMI,MATI,LAKI-LAKI,13,JIWA,2016
294,32,JAWA BARAT,3272,KOTA SUKABUMI,MATI,PEREMPUAN,16,JIWA,2016
295,32,JAWA BARAT,3273,KOTA BANDUNG,HIDUP,LAKI-LAKI,23431,JIWA,2016
296,32,JAWA BARAT,3273,KOTA BANDUNG,HIDUP,PEREMPUAN,22369,JIWA,2016
297,32,JAWA BARAT,3273,KOTA BANDUNG,MATI,LAKI-LAKI,0,JIWA,2016
298,32,JAWA BARAT,3273,KOTA BANDUNG,MATI,PEREMPUAN,0,JIWA,2016
299,32,JAWA BARAT,3274,KOTA CIREBON,HIDUP,LAKI-LAKI,2875,JIWA,2016
300,32,JAWA BARAT,3274,KOTA CIREBON,HIDUP,PEREMPUAN,2661,JIWA,2016
301,32,JAWA BARAT,3274,KOTA CIREBON,MATI,LAKI-LAKI,8,JIWA,2016
302,32,JAWA BARAT,3274,KOTA CIREBON,MATI,PEREMPUAN,11,JIWA,2016
303,32,JAWA BARAT,3275,KOTA BEKASI,HIDUP,LAKI-LAKI,22866,JIWA,2016
304,32,JAWA BARAT,3275,KOTA BEKASI,HIDUP,PEREMPUAN,24053,JIWA,2016
305,32,JAWA BARAT,3275,KOTA BEKASI,MATI,LAKI-LAKI,0,JIWA,2016
306,32,JAWA BARAT,3275,KOTA BEKASI,MATI,PEREMPUAN,0,JIWA,2016
307,32,JAWA BARAT,3276,KOTA DEPOK,HIDUP,LAKI-LAKI,20997,JIWA,2016
308,32,JAWA BARAT,3276,KOTA DEPOK,HIDUP,PEREMPUAN,20820,JIWA,2016
309,32,JAWA BARAT,3276,KOTA DEPOK,MATI,LAKI-LAKI,20,JIWA,2016
310,32,JAWA BARAT,3276,KOTA DEPOK,MATI,PEREMPUAN,12,JIWA,2016
311,32,JAWA BARAT,3277,KOTA CIMAHI,HIDUP,LAKI-LAKI,5255,JIWA,2016
312,32,JAWA BARAT,3277,KOTA CIMAHI,HIDUP,PEREMPUAN,5086,JIWA,2016
313,32,JAWA BARAT,3277,KOTA CIMAHI,MATI,LAKI-LAKI,19,JIWA,2016
314,32,JAWA BARAT,3277,KOTA CIMAHI,MATI,PEREMPUAN,14,JIWA,2016
315,32,JAWA BARAT,3278,KOTA TASIKMALAYA,HIDUP,LAKI-LAKI,6029,JIWA,2016
316,32,JAWA BARAT,3278,KOTA TASIKMALAYA,HIDUP,PEREMPUAN,5784,JIWA,2016
317,32,JAWA BARAT,3278,KOTA TASIKMALAYA,MATI,LAKI-LAKI,35,JIWA,2016
318,32,JAWA BARAT,3278,KOTA TASIKMALAYA,MATI,PEREMPUAN,26,JIWA,2016
319,32,JAWA BARAT,3201,KABUPATEN BOGOR,HIDUP,LAKI-LAKI,59532,JIWA,2017
320,32,JAWA BARAT,3201,KABUPATEN BOGOR,HIDUP,PEREMPUAN,61883,JIWA,2017
321,32,JAWA BARAT,3201,KABUPATEN BOGOR,MATI,LAKI-LAKI,82,JIWA,2017
322,32,JAWA BARAT,3201,KABUPATEN BOGOR,MATI,PEREMPUAN,69,JIWA,2017
323,32,JAWA BARAT,3202,KABUPATEN SUKABUMI,HIDUP,LAKI-LAKI,24043,JIWA,2017
324,32,JAWA BARAT,3202,KABUPATEN SUKABUMI,HIDUP,PEREMPUAN,22196,JIWA,2017
325,32,JAWA BARAT,3202,KABUPATEN SUKABUMI,MATI,LAKI-LAKI,25,JIWA,2017
326,32,JAWA BARAT,3202,KABUPATEN SUKABUMI,MATI,PEREMPUAN,18,JIWA,2017
327,32,JAWA BARAT,3203,KABUPATEN CIANJUR,HIDUP,LAKI-LAKI,20088,JIWA,2017
328,32,JAWA BARAT,3203,KABUPATEN CIANJUR,HIDUP,PEREMPUAN,22625,JIWA,2017
329,32,JAWA BARAT,3203,KABUPATEN CIANJUR,MATI,LAKI-LAKI,27,JIWA,2017
330,32,JAWA BARAT,3203,KABUPATEN CIANJUR,MATI,PEREMPUAN,22,JIWA,2017
331,32,JAWA BARAT,3204,KABUPATEN BANDUNG,HIDUP,LAKI-LAKI,35336,JIWA,2017
332,32,JAWA BARAT,3204,KABUPATEN BANDUNG,HIDUP,PEREMPUAN,33869,JIWA,2017
333,32,JAWA BARAT,3204,KABUPATEN BANDUNG,MATI,LAKI-LAKI,32,JIWA,2017
334,32,JAWA BARAT,3204,KABUPATEN BANDUNG,MATI,PEREMPUAN,17,JIWA,2017
335,32,JAWA BARAT,3205,KABUPATEN GARUT,HIDUP,LAKI-LAKI,26694,JIWA,2017
336,32,JAWA BARAT,3205,KABUPATEN GARUT,HIDUP,PEREMPUAN,26271,JIWA,2017
337,32,JAWA BARAT,3205,KABUPATEN GARUT,MATI,LAKI-LAKI,173,JIWA,2017
338,32,JAWA BARAT,3205,KABUPATEN GARUT,MATI,PEREMPUAN,171,JIWA,2017
339,32,JAWA BARAT,3206,KABUPATEN TASIKMALAYA,HIDUP,LAKI-LAKI,15704,JIWA,2017
340,32,JAWA BARAT,3206,KABUPATEN TASIKMALAYA,HIDUP,PEREMPUAN,15049,JIWA,2017
341,32,JAWA BARAT,3206,KABUPATEN TASIKMALAYA,MATI,LAKI-LAKI,108,JIWA,2017
342,32,JAWA BARAT,3206,KABUPATEN TASIKMALAYA,MATI,PEREMPUAN,79,JIWA,2017
343,32,JAWA BARAT,3207,KABUPATEN CIAMIS,HIDUP,LAKI-LAKI,9772,JIWA,2017
344,32,JAWA BARAT,3207,KABUPATEN CIAMIS,HIDUP,PEREMPUAN,8720,JIWA,2017
345,32,JAWA BARAT,3207,KABUPATEN CIAMIS,MATI,LAKI-LAKI,70,JIWA,2017
346,32,JAWA BARAT,3207,KABUPATEN CIAMIS,MATI,PEREMPUAN,42,JIWA,2017
347,32,JAWA BARAT,3208,KABUPATEN KUNINGAN,HIDUP,LAKI-LAKI,10196,JIWA,2017
348,32,JAWA BARAT,3208,KABUPATEN KUNINGAN,HIDUP,PEREMPUAN,9329,JIWA,2017
349,32,JAWA BARAT,3208,KABUPATEN KUNINGAN,MATI,LAKI-LAKI,36,JIWA,2017
350,32,JAWA BARAT,3208,KABUPATEN KUNINGAN,MATI,PEREMPUAN,22,JIWA,2017
351,32,JAWA BARAT,3209,KABUPATEN CIREBON,HIDUP,LAKI-LAKI,23434,JIWA,2017
352,32,JAWA BARAT,3209,KABUPATEN CIREBON,HIDUP,PEREMPUAN,23777,JIWA,2017
353,32,JAWA BARAT,3209,KABUPATEN CIREBON,MATI,LAKI-LAKI,67,JIWA,2017
354,32,JAWA BARAT,3209,KABUPATEN CIREBON,MATI,PEREMPUAN,55,JIWA,2017
355,32,JAWA BARAT,3210,KABUPATEN MAJALENGKA,HIDUP,LAKI-LAKI,10393,JIWA,2017
356,32,JAWA BARAT,3210,KABUPATEN MAJALENGKA,HIDUP,PEREMPUAN,9831,JIWA,2017
357,32,JAWA BARAT,3210,KABUPATEN MAJALENGKA,MATI,LAKI-LAKI,35,JIWA,2017
358,32,JAWA BARAT,3210,KABUPATEN MAJALENGKA,MATI,PEREMPUAN,26,JIWA,2017
359,32,JAWA BARAT,3211,KABUPATEN SUMEDANG,HIDUP,LAKI-LAKI,10184,JIWA,2017
360,32,JAWA BARAT,3211,KABUPATEN SUMEDANG,HIDUP,PEREMPUAN,9635,JIWA,2017
361,32,JAWA BARAT,3211,KABUPATEN SUMEDANG,MATI,LAKI-LAKI,11,JIWA,2017
362,32,JAWA BARAT,3211,KABUPATEN SUMEDANG,MATI,PEREMPUAN,8,JIWA,2017
363,32,JAWA BARAT,3212,KABUPATEN INDRAMAYU,HIDUP,LAKI-LAKI,17495,JIWA,2017
364,32,JAWA BARAT,3212,KABUPATEN INDRAMAYU,HIDUP,PEREMPUAN,16867,JIWA,2017
365,32,JAWA BARAT,3212,KABUPATEN INDRAMAYU,MATI,LAKI-LAKI,65,JIWA,2017
366,32,JAWA BARAT,3212,KABUPATEN INDRAMAYU,MATI,PEREMPUAN,48,JIWA,2017
367,32,JAWA BARAT,3213,KABUPATEN SUBANG,HIDUP,LAKI-LAKI,14186,JIWA,2017
368,32,JAWA BARAT,3213,KABUPATEN SUBANG,HIDUP,PEREMPUAN,13679,JIWA,2017
369,32,JAWA BARAT,3213,KABUPATEN SUBANG,MATI,LAKI-LAKI,72,JIWA,2017
370,32,JAWA BARAT,3213,KABUPATEN SUBANG,MATI,PEREMPUAN,57,JIWA,2017
371,32,JAWA BARAT,3214,KABUPATEN PURWAKARTA,HIDUP,LAKI-LAKI,9999,JIWA,2017
372,32,JAWA BARAT,3214,KABUPATEN PURWAKARTA,HIDUP,PEREMPUAN,9535,JIWA,2017
373,32,JAWA BARAT,3214,KABUPATEN PURWAKARTA,MATI,LAKI-LAKI,70,JIWA,2017
374,32,JAWA BARAT,3214,KABUPATEN PURWAKARTA,MATI,PEREMPUAN,51,JIWA,2017
375,32,JAWA BARAT,3215,KABUPATEN KARAWANG,HIDUP,LAKI-LAKI,22233,JIWA,2017
376,32,JAWA BARAT,3215,KABUPATEN KARAWANG,HIDUP,PEREMPUAN,22670,JIWA,2017
377,32,JAWA BARAT,3215,KABUPATEN KARAWANG,MATI,LAKI-LAKI,52,JIWA,2017
378,32,JAWA BARAT,3215,KABUPATEN KARAWANG,MATI,PEREMPUAN,43,JIWA,2017
379,32,JAWA BARAT,3216,KABUPATEN BEKASI,HIDUP,LAKI-LAKI,29888,JIWA,2017
380,32,JAWA BARAT,3216,KABUPATEN BEKASI,HIDUP,PEREMPUAN,45019,JIWA,2017
381,32,JAWA BARAT,3216,KABUPATEN BEKASI,MATI,LAKI-LAKI,8,JIWA,2017
382,32,JAWA BARAT,3216,KABUPATEN BEKASI,MATI,PEREMPUAN,16,JIWA,2017
383,32,JAWA BARAT,3217,KABUPATEN BANDUNG BARAT,HIDUP,LAKI-LAKI,15631,JIWA,2017
384,32,JAWA BARAT,3217,KABUPATEN BANDUNG BARAT,HIDUP,PEREMPUAN,14273,JIWA,2017
385,32,JAWA BARAT,3217,KABUPATEN BANDUNG BARAT,MATI,LAKI-LAKI,95,JIWA,2017
386,32,JAWA BARAT,3217,KABUPATEN BANDUNG BARAT,MATI,PEREMPUAN,53,JIWA,2017
387,32,JAWA BARAT,3218,KABUPATEN PANGANDARAN,HIDUP,LAKI-LAKI,3150,JIWA,2017
388,32,JAWA BARAT,3218,KABUPATEN PANGANDARAN,HIDUP,PEREMPUAN,3041,JIWA,2017
389,32,JAWA BARAT,3218,KABUPATEN PANGANDARAN,MATI,LAKI-LAKI,33,JIWA,2017
390,32,JAWA BARAT,3218,KABUPATEN PANGANDARAN,MATI,PEREMPUAN,23,JIWA,2017
391,32,JAWA BARAT,3271,KOTA BOGOR,HIDUP,LAKI-LAKI,9752,JIWA,2017
392,32,JAWA BARAT,3271,KOTA BOGOR,HIDUP,PEREMPUAN,10750,JIWA,2017
393,32,JAWA BARAT,3271,KOTA BOGOR,MATI,LAKI-LAKI,4,JIWA,2017
394,32,JAWA BARAT,3271,KOTA BOGOR,MATI,PEREMPUAN,9,JIWA,2017
395,32,JAWA BARAT,3272,KOTA SUKABUMI,HIDUP,LAKI-LAKI,3153,JIWA,2017
396,32,JAWA BARAT,3272,KOTA SUKABUMI,HIDUP,PEREMPUAN,2857,JIWA,2017
397,32,JAWA BARAT,3272,KOTA SUKABUMI,MATI,LAKI-LAKI,11,JIWA,2017
398,32,JAWA BARAT,3272,KOTA SUKABUMI,MATI,PEREMPUAN,13,JIWA,2017
399,32,JAWA BARAT,3273,KOTA BANDUNG,HIDUP,LAKI-LAKI,20305,JIWA,2017
400,32,JAWA BARAT,3273,KOTA BANDUNG,HIDUP,PEREMPUAN,21545,JIWA,2017
401,32,JAWA BARAT,3273,KOTA BANDUNG,MATI,LAKI-LAKI,35,JIWA,2017
402,32,JAWA BARAT,3273,KOTA BANDUNG,MATI,PEREMPUAN,56,JIWA,2017
403,32,JAWA BARAT,3274,KOTA CIREBON,HIDUP,LAKI-LAKI,2874,JIWA,2017
404,32,JAWA BARAT,3274,KOTA CIREBON,HIDUP,PEREMPUAN,2521,JIWA,2017
405,32,JAWA BARAT,3274,KOTA CIREBON,MATI,LAKI-LAKI,15,JIWA,2017
406,32,JAWA BARAT,3274,KOTA CIREBON,MATI,PEREMPUAN,9,JIWA,2017
407,32,JAWA BARAT,3275,KOTA BEKASI,HIDUP,LAKI-LAKI,22939,JIWA,2017
408,32,JAWA BARAT,3275,KOTA BEKASI,HIDUP,PEREMPUAN,24126,JIWA,2017
409,32,JAWA BARAT,3275,KOTA BEKASI,MATI,LAKI-LAKI,20,JIWA,2017
410,32,JAWA BARAT,3275,KOTA BEKASI,MATI,PEREMPUAN,5,JIWA,2017
411,32,JAWA BARAT,3276,KOTA DEPOK,HIDUP,LAKI-LAKI,21354,JIWA,2017
412,32,JAWA BARAT,3276,KOTA DEPOK,HIDUP,PEREMPUAN,21311,JIWA,2017
413,32,JAWA BARAT,3276,KOTA DEPOK,MATI,LAKI-LAKI,29,JIWA,2017
414,32,JAWA BARAT,3276,KOTA DEPOK,MATI,PEREMPUAN,19,JIWA,2017
415,32,JAWA BARAT,3277,KOTA CIMAHI,HIDUP,LAKI-LAKI,5269,JIWA,2017
416,32,JAWA BARAT,3277,KOTA CIMAHI,HIDUP,PEREMPUAN,5259,JIWA,2017
417,32,JAWA BARAT,3277,KOTA CIMAHI,MATI,LAKI-LAKI,20,JIWA,2017
418,32,JAWA BARAT,3277,KOTA CIMAHI,MATI,PEREMPUAN,18,JIWA,2017
419,32,JAWA BARAT,3278,KOTA TASIKMALAYA,HIDUP,LAKI-LAKI,6079,JIWA,2017
420,32,JAWA BARAT,3278,KOTA TASIKMALAYA,HIDUP,PEREMPUAN,5912,JIWA,2017
421,32,JAWA BARAT,3278,KOTA TASIKMALAYA,MATI,LAKI-LAKI,3,JIWA,2017
422,32,JAWA BARAT,3278,KOTA TASIKMALAYA,MATI,PEREMPUAN,6,JIWA,2017
423,32,JAWA BARAT,3279,KOTA BANJAR,HIDUP,LAKI-LAKI,1611,JIWA,2017
424,32,JAWA BARAT,3279,KOTA BANJAR,HIDUP,PEREMPUAN,1527,JIWA,2017
425,32,JAWA BARAT,3279,KOTA BANJAR,MATI,LAKI-LAKI,17,JIWA,2017
426,32,JAWA BARAT,3279,KOTA BANJAR,MATI,PEREMPUAN,15,JIWA,2017
427,32,JAWA BARAT,3201,KABUPATEN BOGOR,HIDUP,LAKI-LAKI,58209,JIWA,2018
428,32,JAWA BARAT,3201,KABUPATEN BOGOR,HIDUP,PEREMPUAN,59141,JIWA,2018
429,32,JAWA BARAT,3201,KABUPATEN BOGOR,MATI,LAKI-LAKI,75,JIWA,2018
430,32,JAWA BARAT,3201,KABUPATEN BOGOR,MATI,PEREMPUAN,69,JIWA,2018
431,32,JAWA BARAT,3202,KABUPATEN SUKABUMI,HIDUP,LAKI-LAKI,22646,JIWA,2018
432,32,JAWA BARAT,3202,KABUPATEN SUKABUMI,HIDUP,PEREMPUAN,21815,JIWA,2018
433,32,JAWA BARAT,3202,KABUPATEN SUKABUMI,MATI,LAKI-LAKI,80,JIWA,2018
434,32,JAWA BARAT,3202,KABUPATEN SUKABUMI,MATI,PEREMPUAN,144,JIWA,2018
435,32,JAWA BARAT,3203,KABUPATEN CIANJUR,HIDUP,LAKI-LAKI,21624,JIWA,2018
436,32,JAWA BARAT,3203,KABUPATEN CIANJUR,HIDUP,PEREMPUAN,22638,JIWA,2018
437,32,JAWA BARAT,3203,KABUPATEN CIANJUR,MATI,LAKI-LAKI,23,JIWA,2018
438,32,JAWA BARAT,3203,KABUPATEN CIANJUR,MATI,PEREMPUAN,21,JIWA,2018
439,32,JAWA BARAT,3204,KABUPATEN BANDUNG,HIDUP,LAKI-LAKI,34836,JIWA,2018
440,32,JAWA BARAT,3204,KABUPATEN BANDUNG,HIDUP,PEREMPUAN,33129,JIWA,2018
441,32,JAWA BARAT,3204,KABUPATEN BANDUNG,MATI,LAKI-LAKI,49,JIWA,2018
442,32,JAWA BARAT,3204,KABUPATEN BANDUNG,MATI,PEREMPUAN,28,JIWA,2018
443,32,JAWA BARAT,3205,KABUPATEN GARUT,HIDUP,LAKI-LAKI,27567,JIWA,2018
444,32,JAWA BARAT,3205,KABUPATEN GARUT,HIDUP,PEREMPUAN,27130,JIWA,2018
445,32,JAWA BARAT,3205,KABUPATEN GARUT,MATI,LAKI-LAKI,171,JIWA,2018
446,32,JAWA BARAT,3205,KABUPATEN GARUT,MATI,PEREMPUAN,168,JIWA,2018
447,32,JAWA BARAT,3206,KABUPATEN TASIKMALAYA,HIDUP,LAKI-LAKI,15769,JIWA,2018
448,32,JAWA BARAT,3206,KABUPATEN TASIKMALAYA,HIDUP,PEREMPUAN,14822,JIWA,2018
449,32,JAWA BARAT,3206,KABUPATEN TASIKMALAYA,MATI,LAKI-LAKI,112,JIWA,2018
450,32,JAWA BARAT,3206,KABUPATEN TASIKMALAYA,MATI,PEREMPUAN,75,JIWA,2018
451,32,JAWA BARAT,3207,KABUPATEN CIAMIS,HIDUP,LAKI-LAKI,10142,JIWA,2018
452,32,JAWA BARAT,3207,KABUPATEN CIAMIS,HIDUP,PEREMPUAN,9221,JIWA,2018
453,32,JAWA BARAT,3207,KABUPATEN CIAMIS,MATI,LAKI-LAKI,134,JIWA,2018
454,32,JAWA BARAT,3207,KABUPATEN CIAMIS,MATI,PEREMPUAN,79,JIWA,2018
455,32,JAWA BARAT,3208,KABUPATEN KUNINGAN,HIDUP,LAKI-LAKI,10409,JIWA,2018
456,32,JAWA BARAT,3208,KABUPATEN KUNINGAN,HIDUP,PEREMPUAN,9416,JIWA,2018
457,32,JAWA BARAT,3208,KABUPATEN KUNINGAN,MATI,LAKI-LAKI,30,JIWA,2018
458,32,JAWA BARAT,3208,KABUPATEN KUNINGAN,MATI,PEREMPUAN,20,JIWA,2018
459,32,JAWA BARAT,3209,KABUPATEN CIREBON,HIDUP,LAKI-LAKI,23287,JIWA,2018
460,32,JAWA BARAT,3209,KABUPATEN CIREBON,HIDUP,PEREMPUAN,24484,JIWA,2018
461,32,JAWA BARAT,3209,KABUPATEN CIREBON,MATI,LAKI-LAKI,55,JIWA,2018
462,32,JAWA BARAT,3209,KABUPATEN CIREBON,MATI,PEREMPUAN,60,JIWA,2018
463,32,JAWA BARAT,3210,KABUPATEN MAJALENGKA,HIDUP,LAKI-LAKI,10656,JIWA,2018
464,32,JAWA BARAT,3210,KABUPATEN MAJALENGKA,HIDUP,PEREMPUAN,9984,JIWA,2018
465,32,JAWA BARAT,3210,KABUPATEN MAJALENGKA,MATI,LAKI-LAKI,26,JIWA,2018
466,32,JAWA BARAT,3210,KABUPATEN MAJALENGKA,MATI,PEREMPUAN,26,JIWA,2018
467,32,JAWA BARAT,3211,KABUPATEN SUMEDANG,HIDUP,LAKI-LAKI,9982,JIWA,2018
468,32,JAWA BARAT,3211,KABUPATEN SUMEDANG,HIDUP,PEREMPUAN,9226,JIWA,2018
469,32,JAWA BARAT,3211,KABUPATEN SUMEDANG,MATI,LAKI-LAKI,56,JIWA,2018
470,32,JAWA BARAT,3211,KABUPATEN SUMEDANG,MATI,PEREMPUAN,48,JIWA,2018
471,32,JAWA BARAT,3212,KABUPATEN INDRAMAYU,HIDUP,LAKI-LAKI,17684,JIWA,2018
472,32,JAWA BARAT,3212,KABUPATEN INDRAMAYU,HIDUP,PEREMPUAN,17023,JIWA,2018
473,32,JAWA BARAT,3212,KABUPATEN INDRAMAYU,MATI,LAKI-LAKI,75,JIWA,2018
474,32,JAWA BARAT,3212,KABUPATEN INDRAMAYU,MATI,PEREMPUAN,64,JIWA,2018
475,32,JAWA BARAT,3213,KABUPATEN SUBANG,HIDUP,LAKI-LAKI,15567,JIWA,2018
476,32,JAWA BARAT,3213,KABUPATEN SUBANG,HIDUP,PEREMPUAN,15402,JIWA,2018
477,32,JAWA BARAT,3213,KABUPATEN SUBANG,MATI,LAKI-LAKI,83,JIWA,2018
478,32,JAWA BARAT,3213,KABUPATEN SUBANG,MATI,PEREMPUAN,51,JIWA,2018
479,32,JAWA BARAT,3214,KABUPATEN PURWAKARTA,HIDUP,LAKI-LAKI,9912,JIWA,2018
480,32,JAWA BARAT,3214,KABUPATEN PURWAKARTA,HIDUP,PEREMPUAN,9184,JIWA,2018
481,32,JAWA BARAT,3214,KABUPATEN PURWAKARTA,MATI,LAKI-LAKI,42,JIWA,2018
482,32,JAWA BARAT,3214,KABUPATEN PURWAKARTA,MATI,PEREMPUAN,34,JIWA,2018
483,32,JAWA BARAT,3215,KABUPATEN KARAWANG,HIDUP,LAKI-LAKI,21428,JIWA,2018
484,32,JAWA BARAT,3215,KABUPATEN KARAWANG,HIDUP,PEREMPUAN,22536,JIWA,2018
485,32,JAWA BARAT,3215,KABUPATEN KARAWANG,MATI,LAKI-LAKI,41,JIWA,2018
486,32,JAWA BARAT,3215,KABUPATEN KARAWANG,MATI,PEREMPUAN,26,JIWA,2018
487,32,JAWA BARAT,3216,KABUPATEN BEKASI,HIDUP,LAKI-LAKI,40073,JIWA,2018
488,32,JAWA BARAT,3216,KABUPATEN BEKASI,HIDUP,PEREMPUAN,32794,JIWA,2018
489,32,JAWA BARAT,3216,KABUPATEN BEKASI,MATI,LAKI-LAKI,12,JIWA,2018
490,32,JAWA BARAT,3216,KABUPATEN BEKASI,MATI,PEREMPUAN,7,JIWA,2018
491,32,JAWA BARAT,3217,KABUPATEN BANDUNG BARAT,HIDUP,LAKI-LAKI,15726,JIWA,2018
492,32,JAWA BARAT,3217,KABUPATEN BANDUNG BARAT,HIDUP,PEREMPUAN,14102,JIWA,2018
493,32,JAWA BARAT,3217,KABUPATEN BANDUNG BARAT,MATI,LAKI-LAKI,81,JIWA,2018
494,32,JAWA BARAT,3217,KABUPATEN BANDUNG BARAT,MATI,PEREMPUAN,82,JIWA,2018
495,32,JAWA BARAT,3218,KABUPATEN PANGANDARAN,HIDUP,LAKI-LAKI,3166,JIWA,2018
496,32,JAWA BARAT,3218,KABUPATEN PANGANDARAN,HIDUP,PEREMPUAN,2946,JIWA,2018
497,32,JAWA BARAT,3218,KABUPATEN PANGANDARAN,MATI,LAKI-LAKI,34,JIWA,2018
498,32,JAWA BARAT,3218,KABUPATEN PANGANDARAN,MATI,PEREMPUAN,10,JIWA,2018
499,32,JAWA BARAT,3271,KOTA BOGOR,HIDUP,LAKI-LAKI,9954,JIWA,2018
500,32,JAWA BARAT,3271,KOTA BOGOR,HIDUP,PEREMPUAN,9715,JIWA,2018
501,32,JAWA BARAT,3271,KOTA BOGOR,MATI,LAKI-LAKI,18,JIWA,2018
502,32,JAWA BARAT,3271,KOTA BOGOR,MATI,PEREMPUAN,12,JIWA,2018
503,32,JAWA BARAT,3272,KOTA SUKABUMI,HIDUP,LAKI-LAKI,3001,JIWA,2018
504,32,JAWA BARAT,3272,KOTA SUKABUMI,HIDUP,PEREMPUAN,2996,JIWA,2018
505,32,JAWA BARAT,3272,KOTA SUKABUMI,MATI,LAKI-LAKI,14,JIWA,2018
506,32,JAWA BARAT,3272,KOTA SUKABUMI,MATI,PEREMPUAN,10,JIWA,2018
507,32,JAWA BARAT,3273,KOTA BANDUNG,HIDUP,LAKI-LAKI,20536,JIWA,2018
508,32,JAWA BARAT,3273,KOTA BANDUNG,HIDUP,PEREMPUAN,20465,JIWA,2018
509,32,JAWA BARAT,3273,KOTA BANDUNG,MATI,LAKI-LAKI,25,JIWA,2018
510,32,JAWA BARAT,3273,KOTA BANDUNG,MATI,PEREMPUAN,17,JIWA,2018
511,32,JAWA BARAT,3274,KOTA CIREBON,HIDUP,LAKI-LAKI,2960,JIWA,2018
512,32,JAWA BARAT,3274,KOTA CIREBON,HIDUP,PEREMPUAN,2692,JIWA,2018
513,32,JAWA BARAT,3274,KOTA CIREBON,MATI,LAKI-LAKI,22,JIWA,2018
514,32,JAWA BARAT,3274,KOTA CIREBON,MATI,PEREMPUAN,6,JIWA,2018
515,32,JAWA BARAT,3275,KOTA BEKASI,HIDUP,LAKI-LAKI,23322,JIWA,2018
516,32,JAWA BARAT,3275,KOTA BEKASI,HIDUP,PEREMPUAN,23991,JIWA,2018
517,32,JAWA BARAT,3275,KOTA BEKASI,MATI,LAKI-LAKI,16,JIWA,2018
518,32,JAWA BARAT,3275,KOTA BEKASI,MATI,PEREMPUAN,9,JIWA,2018
519,32,JAWA BARAT,3276,KOTA DEPOK,HIDUP,LAKI-LAKI,22008,JIWA,2018
520,32,JAWA BARAT,3276,KOTA DEPOK,HIDUP,PEREMPUAN,21219,JIWA,2018
521,32,JAWA BARAT,3276,KOTA DEPOK,MATI,LAKI-LAKI,22,JIWA,2018
522,32,JAWA BARAT,3276,KOTA DEPOK,MATI,PEREMPUAN,19,JIWA,2018
523,32,JAWA BARAT,3277,KOTA CIMAHI,HIDUP,LAKI-LAKI,5306,JIWA,2018
524,32,JAWA BARAT,3277,KOTA CIMAHI,HIDUP,PEREMPUAN,5461,JIWA,2018
525,32,JAWA BARAT,3277,KOTA CIMAHI,MATI,LAKI-LAKI,30,JIWA,2018
526,32,JAWA BARAT,3277,KOTA CIMAHI,MATI,PEREMPUAN,30,JIWA,2018
527,32,JAWA BARAT,3278,KOTA TASIKMALAYA,HIDUP,LAKI-LAKI,6022,JIWA,2018
528,32,JAWA BARAT,3278,KOTA TASIKMALAYA,HIDUP,PEREMPUAN,5994,JIWA,2018
529,32,JAWA BARAT,3278,KOTA TASIKMALAYA,MATI,LAKI-LAKI,3,JIWA,2018
530,32,JAWA BARAT,3278,KOTA TASIKMALAYA,MATI,PEREMPUAN,1,JIWA,2018
531,32,JAWA BARAT,3279,KOTA BANJAR,HIDUP,LAKI-LAKI,0,JIWA,2018
532,32,JAWA BARAT,3279,KOTA BANJAR,HIDUP,PEREMPUAN,0,JIWA,2018
533,32,JAWA BARAT,3279,KOTA BANJAR,MATI,LAKI-LAKI,0,JIWA,2018
534,32,JAWA BARAT,3279,KOTA BANJAR,MATI,PEREMPUAN,0,JIWA,2018
535,32,JAWA BARAT,3201,KABUPATEN BOGOR,HIDUP,LAKI-LAKI,59446,JIWA,2019
536,32,JAWA BARAT,3201,KABUPATEN BOGOR,HIDUP,PEREMPUAN,58749,JIWA,2019
537,32,JAWA BARAT,3201,KABUPATEN BOGOR,MATI,LAKI-LAKI,93,JIWA,2019
538,32,JAWA BARAT,3201,KABUPATEN BOGOR,MATI,PEREMPUAN,74,JIWA,2019
539,32,JAWA BARAT,3203,KABUPATEN CIANJUR,HIDUP,LAKI-LAKI,20846,JIWA,2019
540,32,JAWA BARAT,3203,KABUPATEN CIANJUR,HIDUP,PEREMPUAN,20280,JIWA,2019
541,32,JAWA BARAT,3203,KABUPATEN CIANJUR,MATI,LAKI-LAKI,6,JIWA,2019
542,32,JAWA BARAT,3204,KABUPATEN BANDUNG,HIDUP,LAKI-LAKI,34844,JIWA,2019
543,32,JAWA BARAT,3204,KABUPATEN BANDUNG,HIDUP,PEREMPUAN,32923,JIWA,2019
544,32,JAWA BARAT,3204,KABUPATEN BANDUNG,MATI,LAKI-LAKI,44,JIWA,2019
545,32,JAWA BARAT,3204,KABUPATEN BANDUNG,MATI,PEREMPUAN,46,JIWA,2019
546,32,JAWA BARAT,3206,KABUPATEN TASIKMALAYA,HIDUP,LAKI-LAKI,15822,JIWA,2019
547,32,JAWA BARAT,3206,KABUPATEN TASIKMALAYA,HIDUP,PEREMPUAN,14902,JIWA,2019
548,32,JAWA BARAT,3206,KABUPATEN TASIKMALAYA,MATI,LAKI-LAKI,102,JIWA,2019
549,32,JAWA BARAT,3206,KABUPATEN TASIKMALAYA,MATI,PEREMPUAN,77,JIWA,2019
550,32,JAWA BARAT,3207,KABUPATEN CIAMIS,HIDUP,LAKI-LAKI,9964,JIWA,2019
551,32,JAWA BARAT,3207,KABUPATEN CIAMIS,HIDUP,PEREMPUAN,9182,JIWA,2019
552,32,JAWA BARAT,3207,KABUPATEN CIAMIS,MATI,LAKI-LAKI,70,JIWA,2019
553,32,JAWA BARAT,3207,KABUPATEN CIAMIS,MATI,PEREMPUAN,55,JIWA,2019
554,32,JAWA BARAT,3208,KABUPATEN KUNINGAN,HIDUP,LAKI-LAKI,10168,JIWA,2019
555,32,JAWA BARAT,3208,KABUPATEN KUNINGAN,HIDUP,PEREMPUAN,9286,JIWA,2019
556,32,JAWA BARAT,3208,KABUPATEN KUNINGAN,MATI,LAKI-LAKI,28,JIWA,2019
557,32,JAWA BARAT,3208,KABUPATEN KUNINGAN,MATI,PEREMPUAN,29,JIWA,2019
558,32,JAWA BARAT,3209,KABUPATEN CIREBON,HIDUP,LAKI-LAKI,24840,JIWA,2019
559,32,JAWA BARAT,3209,KABUPATEN CIREBON,HIDUP,PEREMPUAN,23574,JIWA,2019
560,32,JAWA BARAT,3209,KABUPATEN CIREBON,MATI,LAKI-LAKI,0,JIWA,2019
561,32,JAWA BARAT,3209,KABUPATEN CIREBON,MATI,PEREMPUAN,0,JIWA,2019
562,32,JAWA BARAT,3210,KABUPATEN MAJALENGKA,HIDUP,LAKI-LAKI,10545,JIWA,2019
563,32,JAWA BARAT,3210,KABUPATEN MAJALENGKA,HIDUP,PEREMPUAN,9892,JIWA,2019
564,32,JAWA BARAT,3210,KABUPATEN MAJALENGKA,MATI,LAKI-LAKI,30,JIWA,2019
565,32,JAWA BARAT,3210,KABUPATEN MAJALENGKA,MATI,PEREMPUAN,24,JIWA,2019
566,32,JAWA BARAT,3211,KABUPATEN SUMEDANG,HIDUP,LAKI-LAKI,9613,JIWA,2019
567,32,JAWA BARAT,3211,KABUPATEN SUMEDANG,HIDUP,PEREMPUAN,9200,JIWA,2019
568,32,JAWA BARAT,3211,KABUPATEN SUMEDANG,MATI,LAKI-LAKI,5,JIWA,2019
569,32,JAWA BARAT,3211,KABUPATEN SUMEDANG,MATI,PEREMPUAN,6,JIWA,2019
570,32,JAWA BARAT,3212,KABUPATEN INDRAMAYU,HIDUP,LAKI-LAKI,18328,JIWA,2019
571,32,JAWA BARAT,3212,KABUPATEN INDRAMAYU,HIDUP,PEREMPUAN,16257,JIWA,2019
572,32,JAWA BARAT,3212,KABUPATEN INDRAMAYU,MATI,LAKI-LAKI,94,JIWA,2019
573,32,JAWA BARAT,3212,KABUPATEN INDRAMAYU,MATI,PEREMPUAN,57,JIWA,2019
574,32,JAWA BARAT,3213,KABUPATEN SUBANG,HIDUP,LAKI-LAKI,16005,JIWA,2019
575,32,JAWA BARAT,3213,KABUPATEN SUBANG,HIDUP,PEREMPUAN,15913,JIWA,2019
576,32,JAWA BARAT,3213,KABUPATEN SUBANG,MATI,LAKI-LAKI,54,JIWA,2019
577,32,JAWA BARAT,3213,KABUPATEN SUBANG,MATI,PEREMPUAN,41,JIWA,2019
578,32,JAWA BARAT,3214,KABUPATEN PURWAKARTA,HIDUP,LAKI-LAKI,9881,JIWA,2019
579,32,JAWA BARAT,3214,KABUPATEN PURWAKARTA,HIDUP,PEREMPUAN,9392,JIWA,2019
580,32,JAWA BARAT,3214,KABUPATEN PURWAKARTA,MATI,LAKI-LAKI,63,JIWA,2019
581,32,JAWA BARAT,3214,KABUPATEN PURWAKARTA,MATI,PEREMPUAN,35,JIWA,2019
582,32,JAWA BARAT,3215,KABUPATEN KARAWANG,HIDUP,LAKI-LAKI,22248,JIWA,2019
583,32,JAWA BARAT,3215,KABUPATEN KARAWANG,HIDUP,PEREMPUAN,22602,JIWA,2019
584,32,JAWA BARAT,3215,KABUPATEN KARAWANG,MATI,LAKI-LAKI,52,JIWA,2019
585,32,JAWA BARAT,3215,KABUPATEN KARAWANG,MATI,PEREMPUAN,29,JIWA,2019
586,32,JAWA BARAT,3216,KABUPATEN BEKASI,HIDUP,LAKI-LAKI,43854,JIWA,2019
587,32,JAWA BARAT,3216,KABUPATEN BEKASI,HIDUP,PEREMPUAN,35880,JIWA,2019
588,32,JAWA BARAT,3216,KABUPATEN BEKASI,MATI,LAKI-LAKI,14,JIWA,2019
589,32,JAWA BARAT,3216,KABUPATEN BEKASI,MATI,PEREMPUAN,21,JIWA,2019
590,32,JAWA BARAT,3217,KABUPATEN BANDUNG BARAT,HIDUP,LAKI-LAKI,15923,JIWA,2019
591,32,JAWA BARAT,3217,KABUPATEN BANDUNG BARAT,HIDUP,PEREMPUAN,14414,JIWA,2019
592,32,JAWA BARAT,3217,KABUPATEN BANDUNG BARAT,MATI,LAKI-LAKI,64,JIWA,2019
593,32,JAWA BARAT,3217,KABUPATEN BANDUNG BARAT,MATI,PEREMPUAN,157,JIWA,2019
594,32,JAWA BARAT,3218,KABUPATEN PANGANDARAN,HIDUP,LAKI-LAKI,3085,JIWA,2019
595,32,JAWA BARAT,3218,KABUPATEN PANGANDARAN,HIDUP,PEREMPUAN,2989,JIWA,2019
596,32,JAWA BARAT,3218,KABUPATEN PANGANDARAN,MATI,LAKI-LAKI,27,JIWA,2019
597,32,JAWA BARAT,3218,KABUPATEN PANGANDARAN,MATI,PEREMPUAN,26,JIWA,2019
598,32,JAWA BARAT,3271,KOTA BOGOR,HIDUP,LAKI-LAKI,9991,JIWA,2019
599,32,JAWA BARAT,3271,KOTA BOGOR,HIDUP,PEREMPUAN,10204,JIWA,2019
600,32,JAWA BARAT,3271,KOTA BOGOR,MATI,LAKI-LAKI,67,JIWA,2019
601,32,JAWA BARAT,3271,KOTA BOGOR,MATI,PEREMPUAN,57,JIWA,2019
602,32,JAWA BARAT,3272,KOTA SUKABUMI,HIDUP,LAKI-LAKI,3192,JIWA,2019
603,32,JAWA BARAT,3272,KOTA SUKABUMI,HIDUP,PEREMPUAN,2884,JIWA,2019
604,32,JAWA BARAT,3272,KOTA SUKABUMI,MATI,LAKI-LAKI,8,JIWA,2019
605,32,JAWA BARAT,3272,KOTA SUKABUMI,MATI,PEREMPUAN,7,JIWA,2019
606,32,JAWA BARAT,3273,KOTA BANDUNG,HIDUP,LAKI-LAKI,19489,JIWA,2019
607,32,JAWA BARAT,3273,KOTA BANDUNG,HIDUP,PEREMPUAN,22345,JIWA,2019
608,32,JAWA BARAT,3273,KOTA BANDUNG,MATI,LAKI-LAKI,50,JIWA,2019
609,32,JAWA BARAT,3273,KOTA BANDUNG,MATI,PEREMPUAN,68,JIWA,2019
610,32,JAWA BARAT,3274,KOTA CIREBON,HIDUP,LAKI-LAKI,2867,JIWA,2019
611,32,JAWA BARAT,3274,KOTA CIREBON,HIDUP,PEREMPUAN,2624,JIWA,2019
612,32,JAWA BARAT,3274,KOTA CIREBON,MATI,LAKI-LAKI,19,JIWA,2019
613,32,JAWA BARAT,3274,KOTA CIREBON,MATI,PEREMPUAN,13,JIWA,2019
614,32,JAWA BARAT,3275,KOTA BEKASI,HIDUP,LAKI-LAKI,24020,JIWA,2019
615,32,JAWA BARAT,3275,KOTA BEKASI,HIDUP,PEREMPUAN,25525,JIWA,2019
616,32,JAWA BARAT,3275,KOTA BEKASI,MATI,LAKI-LAKI,146,JIWA,2019
617,32,JAWA BARAT,3275,KOTA BEKASI,MATI,PEREMPUAN,127,JIWA,2019
618,32,JAWA BARAT,3276,KOTA DEPOK,HIDUP,LAKI-LAKI,22234,JIWA,2019
619,32,JAWA BARAT,3276,KOTA DEPOK,HIDUP,PEREMPUAN,21622,JIWA,2019
620,32,JAWA BARAT,3276,KOTA DEPOK,MATI,LAKI-LAKI,21,JIWA,2019
621,32,JAWA BARAT,3276,KOTA DEPOK,MATI,PEREMPUAN,18,JIWA,2019
622,32,JAWA BARAT,3277,KOTA CIMAHI,HIDUP,LAKI-LAKI,5362,JIWA,2019
623,32,JAWA BARAT,3277,KOTA CIMAHI,HIDUP,PEREMPUAN,5443,JIWA,2019
624,32,JAWA BARAT,3277,KOTA CIMAHI,MATI,LAKI-LAKI,21,JIWA,2019
625,32,JAWA BARAT,3277,KOTA CIMAHI,MATI,PEREMPUAN,18,JIWA,2019
626,32,JAWA BARAT,3278,KOTA TASIKMALAYA,HIDUP,LAKI-LAKI,5962,JIWA,2019
627,32,JAWA BARAT,3278,KOTA TASIKMALAYA,HIDUP,PEREMPUAN,5748,JIWA,2019
628,32,JAWA BARAT,3278,KOTA TASIKMALAYA,MATI,LAKI-LAKI,3,JIWA,2019
629,32,JAWA BARAT,3278,KOTA TASIKMALAYA,MATI,PEREMPUAN,2,JIWA,2019
630,32,JAWA BARAT,3279,KOTA BANJAR,HIDUP,LAKI-LAKI,1559,JIWA,2019
631,32,JAWA BARAT,3279,KOTA BANJAR,HIDUP,PEREMPUAN,1472,JIWA,2019
632,32,JAWA BARAT,3279,KOTA BANJAR,MATI,LAKI-LAKI,16,JIWA,2019
633,32,JAWA BARAT,3279,KOTA BANJAR,MATI,PEREMPUAN,17,JIWA,2019
634,32,JAWA BARAT,3201,KABUPATEN BOGOR,HIDUP,LAKI-LAKI,55693,JIWA,2020
635,32,JAWA BARAT,3201,KABUPATEN BOGOR,HIDUP,PEREMPUAN,57859,JIWA,2020
636,32,JAWA BARAT,3201,KABUPATEN BOGOR,MATI,LAKI-LAKI,42,JIWA,2020
637,32,JAWA BARAT,3201,KABUPATEN BOGOR,MATI,PEREMPUAN,71,JIWA,2020
638,32,JAWA BARAT,3202,KABUPATEN SUKABUMI,HIDUP,LAKI-LAKI,0,JIWA,2020
639,32,JAWA BARAT,3202,KABUPATEN SUKABUMI,HIDUP,PEREMPUAN,0,JIWA,2020
640,32,JAWA BARAT,3202,KABUPATEN SUKABUMI,MATI,LAKI-LAKI,0,JIWA,2020
641,32,JAWA BARAT,3202,KABUPATEN SUKABUMI,MATI,PEREMPUAN,0,JIWA,2020
642,32,JAWA BARAT,3203,KABUPATEN CIANJUR,HIDUP,LAKI-LAKI,0,JIWA,2020
643,32,JAWA BARAT,3203,KABUPATEN CIANJUR,HIDUP,PEREMPUAN,0,JIWA,2020
644,32,JAWA BARAT,3203,KABUPATEN CIANJUR,MATI,LAKI-LAKI,0,JIWA,2020
645,32,JAWA BARAT,3203,KABUPATEN CIANJUR,MATI,PEREMPUAN,0,JIWA,2020
646,32,JAWA BARAT,3204,KABUPATEN BANDUNG,HIDUP,LAKI-LAKI,34664,JIWA,2020
647,32,JAWA BARAT,3204,KABUPATEN BANDUNG,HIDUP,PEREMPUAN,32238,JIWA,2020
648,32,JAWA BARAT,3204,KABUPATEN BANDUNG,MATI,LAKI-LAKI,37,JIWA,2020
649,32,JAWA BARAT,3204,KABUPATEN BANDUNG,MATI,PEREMPUAN,35,JIWA,2020
650,32,JAWA BARAT,3205,KABUPATEN GARUT,HIDUP,LAKI-LAKI,26756,JIWA,2020
651,32,JAWA BARAT,3205,KABUPATEN GARUT,HIDUP,PEREMPUAN,25500,JIWA,2020
652,32,JAWA BARAT,3205,KABUPATEN GARUT,MATI,LAKI-LAKI,195,JIWA,2020
653,32,JAWA BARAT,3205,KABUPATEN GARUT,MATI,PEREMPUAN,170,JIWA,2020
654,32,JAWA BARAT,3206,KABUPATEN TASIKMALAYA,HIDUP,LAKI-LAKI,15487,JIWA,2020
655,32,JAWA BARAT,3206,KABUPATEN TASIKMALAYA,HIDUP,PEREMPUAN,14870,JIWA,2020
656,32,JAWA BARAT,3206,KABUPATEN TASIKMALAYA,MATI,LAKI-LAKI,87,JIWA,2020
657,32,JAWA BARAT,3206,KABUPATEN TASIKMALAYA,MATI,PEREMPUAN,62,JIWA,2020
658,32,JAWA BARAT,3208,KABUPATEN KUNINGAN,HIDUP,LAKI-LAKI,10126,JIWA,2020
659,32,JAWA BARAT,3208,KABUPATEN KUNINGAN,HIDUP,PEREMPUAN,9189,JIWA,2020
660,32,JAWA BARAT,3208,KABUPATEN KUNINGAN,MATI,LAKI-LAKI,0,JIWA,2020
661,32,JAWA BARAT,3208,KABUPATEN KUNINGAN,MATI,PEREMPUAN,0,JIWA,2020
662,32,JAWA BARAT,3209,KABUPATEN CIREBON,HIDUP,LAKI-LAKI,21389,JIWA,2020
663,32,JAWA BARAT,3209,KABUPATEN CIREBON,HIDUP,PEREMPUAN,26142,JIWA,2020
664,32,JAWA BARAT,3209,KABUPATEN CIREBON,MATI,LAKI-LAKI,30,JIWA,2020
665,32,JAWA BARAT,3209,KABUPATEN CIREBON,MATI,PEREMPUAN,47,JIWA,2020
666,32,JAWA BARAT,3210,KABUPATEN MAJALENGKA,HIDUP,LAKI-LAKI,10819,JIWA,2020
667,32,JAWA BARAT,3210,KABUPATEN MAJALENGKA,HIDUP,PEREMPUAN,10148,JIWA,2020
668,32,JAWA BARAT,3210,KABUPATEN MAJALENGKA,MATI,LAKI-LAKI,33,JIWA,2020
669,32,JAWA BARAT,3210,KABUPATEN MAJALENGKA,MATI,PEREMPUAN,30,JIWA,2020
670,32,JAWA BARAT,3211,KABUPATEN SUMEDANG,HIDUP,LAKI-LAKI,9924,JIWA,2020
671,32,JAWA BARAT,3211,KABUPATEN SUMEDANG,HIDUP,PEREMPUAN,9136,JIWA,2020
672,32,JAWA BARAT,3211,KABUPATEN SUMEDANG,MATI,LAKI-LAKI,52,JIWA,2020
673,32,JAWA BARAT,3211,KABUPATEN SUMEDANG,MATI,PEREMPUAN,44,JIWA,2020
674,32,JAWA BARAT,3212,KABUPATEN INDRAMAYU,HIDUP,LAKI-LAKI,15356,JIWA,2020
675,32,JAWA BARAT,3212,KABUPATEN INDRAMAYU,HIDUP,PEREMPUAN,14698,JIWA,2020
676,32,JAWA BARAT,3212,KABUPATEN INDRAMAYU,MATI,LAKI-LAKI,57,JIWA,2020
677,32,JAWA BARAT,3212,KABUPATEN INDRAMAYU,MATI,PEREMPUAN,43,JIWA,2020
678,32,JAWA BARAT,3213,KABUPATEN SUBANG,HIDUP,LAKI-LAKI,16796,JIWA,2020
679,32,JAWA BARAT,3213,KABUPATEN SUBANG,HIDUP,PEREMPUAN,16380,JIWA,2020
680,32,JAWA BARAT,3213,KABUPATEN SUBANG,MATI,LAKI-LAKI,66,JIWA,2020
681,32,JAWA BARAT,3213,KABUPATEN SUBANG,MATI,PEREMPUAN,38,JIWA,2020
682,32,JAWA BARAT,3214,KABUPATEN PURWAKARTA,HIDUP,LAKI-LAKI,9212,JIWA,2020
683,32,JAWA BARAT,3214,KABUPATEN PURWAKARTA,HIDUP,PEREMPUAN,8333,JIWA,2020
684,32,JAWA BARAT,3214,KABUPATEN PURWAKARTA,MATI,LAKI-LAKI,57,JIWA,2020
685,32,JAWA BARAT,3214,KABUPATEN PURWAKARTA,MATI,PEREMPUAN,48,JIWA,2020
686,32,JAWA BARAT,3215,KABUPATEN KARAWANG,HIDUP,LAKI-LAKI,21393,JIWA,2020
687,32,JAWA BARAT,3215,KABUPATEN KARAWANG,HIDUP,PEREMPUAN,21572,JIWA,2020
688,32,JAWA BARAT,3215,KABUPATEN KARAWANG,MATI,LAKI-LAKI,41,JIWA,2020
689,32,JAWA BARAT,3215,KABUPATEN KARAWANG,MATI,PEREMPUAN,43,JIWA,2020
690,32,JAWA BARAT,3216,KABUPATEN BEKASI,HIDUP,LAKI-LAKI,39312,JIWA,2020
691,32,JAWA BARAT,3216,KABUPATEN BEKASI,HIDUP,PEREMPUAN,38074,JIWA,2020
692,32,JAWA BARAT,3216,KABUPATEN BEKASI,MATI,LAKI-LAKI,10,JIWA,2020
693,32,JAWA BARAT,3216,KABUPATEN BEKASI,MATI,PEREMPUAN,6,JIWA,2020
694,32,JAWA BARAT,3217,KABUPATEN BANDUNG BARAT,HIDUP,LAKI-LAKI,15923,JIWA,2020
695,32,JAWA BARAT,3217,KABUPATEN BANDUNG BARAT,HIDUP,PEREMPUAN,14414,JIWA,2020
696,32,JAWA BARAT,3217,KABUPATEN BANDUNG BARAT,MATI,LAKI-LAKI,64,JIWA,2020
697,32,JAWA BARAT,3217,KABUPATEN BANDUNG BARAT,MATI,PEREMPUAN,157,JIWA,2020
698,32,JAWA BARAT,3218,KABUPATEN PANGANDARAN,HIDUP,LAKI-LAKI,3131,JIWA,2020
699,32,JAWA BARAT,3218,KABUPATEN PANGANDARAN,HIDUP,PEREMPUAN,2964,JIWA,2020
700,32,JAWA BARAT,3218,KABUPATEN PANGANDARAN,MATI,LAKI-LAKI,20,JIWA,2020
701,32,JAWA BARAT,3218,KABUPATEN PANGANDARAN,MATI,PEREMPUAN,21,JIWA,2020
702,32,JAWA BARAT,3271,KOTA BOGOR,HIDUP,LAKI-LAKI,9504,JIWA,2020
703,32,JAWA BARAT,3271,KOTA BOGOR,HIDUP,PEREMPUAN,9238,JIWA,2020
704,32,JAWA BARAT,3271,KOTA BOGOR,MATI,LAKI-LAKI,30,JIWA,2020
705,32,JAWA BARAT,3271,KOTA BOGOR,MATI,PEREMPUAN,20,JIWA,2020
706,32,JAWA BARAT,3272,KOTA SUKABUMI,HIDUP,LAKI-LAKI,3187,JIWA,2020
707,32,JAWA BARAT,3272,KOTA SUKABUMI,HIDUP,PEREMPUAN,2965,JIWA,2020
708,32,JAWA BARAT,3272,KOTA SUKABUMI,MATI,LAKI-LAKI,17,JIWA,2020
709,32,JAWA BARAT,3272,KOTA SUKABUMI,MATI,PEREMPUAN,10,JIWA,2020
710,32,JAWA BARAT,3273,KOTA BANDUNG,HIDUP,LAKI-LAKI,17239,JIWA,2020
711,32,JAWA BARAT,3273,KOTA BANDUNG,HIDUP,PEREMPUAN,17127,JIWA,2020
712,32,JAWA BARAT,3273,KOTA BANDUNG,MATI,LAKI-LAKI,31,JIWA,2020
713,32,JAWA BARAT,3273,KOTA BANDUNG,MATI,PEREMPUAN,17,JIWA,2020
714,32,JAWA BARAT,3274,KOTA CIREBON,HIDUP,LAKI-LAKI,2764,JIWA,2020
715,32,JAWA BARAT,3274,KOTA CIREBON,HIDUP,PEREMPUAN,2399,JIWA,2020
716,32,JAWA BARAT,3274,KOTA CIREBON,MATI,LAKI-LAKI,15,JIWA,2020
717,32,JAWA BARAT,3274,KOTA CIREBON,MATI,PEREMPUAN,11,JIWA,2020
718,32,JAWA BARAT,3275,KOTA BEKASI,HIDUP,LAKI-LAKI,22436,JIWA,2020
719,32,JAWA BARAT,3275,KOTA BEKASI,HIDUP,PEREMPUAN,23641,JIWA,2020
720,32,JAWA BARAT,3275,KOTA BEKASI,MATI,LAKI-LAKI,30,JIWA,2020
721,32,JAWA BARAT,3275,KOTA BEKASI,MATI,PEREMPUAN,19,JIWA,2020
722,32,JAWA BARAT,3276,KOTA DEPOK,HIDUP,LAKI-LAKI,22551,JIWA,2020
723,32,JAWA BARAT,3276,KOTA DEPOK,HIDUP,PEREMPUAN,21929,JIWA,2020
724,32,JAWA BARAT,3276,KOTA DEPOK,MATI,LAKI-LAKI,14,JIWA,2020
725,32,JAWA BARAT,3276,KOTA DEPOK,MATI,PEREMPUAN,17,JIWA,2020
726,32,JAWA BARAT,3277,KOTA CIMAHI,HIDUP,LAKI-LAKI,5202,JIWA,2020
727,32,JAWA BARAT,3277,KOTA CIMAHI,HIDUP,PEREMPUAN,5159,JIWA,2020
728,32,JAWA BARAT,3277,KOTA CIMAHI,MATI,LAKI-LAKI,19,JIWA,2020
729,32,JAWA BARAT,3277,KOTA CIMAHI,MATI,PEREMPUAN,22,JIWA,2020
730,32,JAWA BARAT,3278,KOTA TASIKMALAYA,HIDUP,LAKI-LAKI,5980,JIWA,2020
731,32,JAWA BARAT,3278,KOTA TASIKMALAYA,HIDUP,PEREMPUAN,5850,JIWA,2020
732,32,JAWA BARAT,3278,KOTA TASIKMALAYA,MATI,LAKI-LAKI,9,JIWA,2020
733,32,JAWA BARAT,3278,KOTA TASIKMALAYA,MATI,PEREMPUAN,6,JIWA,2020
734,32,JAWA BARAT,3279,KOTA BANJAR,HIDUP,LAKI-LAKI,1579,JIWA,2020
735,32,JAWA BARAT,3279,KOTA BANJAR,HIDUP,PEREMPUAN,1372,JIWA,2020
736,32,JAWA BARAT,3279,KOTA BANJAR,MATI,LAKI-LAKI,12,JIWA,2020
737,32,JAWA BARAT,3279,KOTA BANJAR,MATI,PEREMPUAN,16,JIWA,2020
738,32,JAWA BARAT,3201,KABUPATEN BOGOR,HIDUP,LAKI-LAKI,54217,JIWA,2021
739,32,JAWA BARAT,3201,KABUPATEN BOGOR,HIDUP,PEREMPUAN,56109,JIWA,2021
740,32,JAWA BARAT,3201,KABUPATEN BOGOR,MATI,LAKI-LAKI,45,JIWA,2021
741,32,JAWA BARAT,3201,KABUPATEN BOGOR,MATI,PEREMPUAN,82,JIWA,2021
742,32,JAWA BARAT,3202,KABUPATEN SUKABUMI,HIDUP,LAKI-LAKI,23621,JIWA,2021
743,32,JAWA BARAT,3202,KABUPATEN SUKABUMI,HIDUP,PEREMPUAN,21575,JIWA,2021
744,32,JAWA BARAT,3202,KABUPATEN SUKABUMI,MATI,LAKI-LAKI,40,JIWA,2021
745,32,JAWA BARAT,3202,KABUPATEN SUKABUMI,MATI,PEREMPUAN,48,JIWA,2021
746,32,JAWA BARAT,3203,KABUPATEN CIANJUR,HIDUP,LAKI-LAKI,25418,JIWA,2021
747,32,JAWA BARAT,3203,KABUPATEN CIANJUR,HIDUP,PEREMPUAN,21849,JIWA,2021
748,32,JAWA BARAT,3203,KABUPATEN CIANJUR,MATI,LAKI-LAKI,28,JIWA,2021
749,32,JAWA BARAT,3203,KABUPATEN CIANJUR,MATI,PEREMPUAN,22,JIWA,2021
750,32,JAWA BARAT,3204,KABUPATEN BANDUNG,HIDUP,LAKI-LAKI,31922,JIWA,2021
751,32,JAWA BARAT,3204,KABUPATEN BANDUNG,HIDUP,PEREMPUAN,31018,JIWA,2021
752,32,JAWA BARAT,3204,KABUPATEN BANDUNG,MATI,LAKI-LAKI,70,JIWA,2021
753,32,JAWA BARAT,3204,KABUPATEN BANDUNG,MATI,PEREMPUAN,45,JIWA,2021
754,32,JAWA BARAT,3205,KABUPATEN GARUT,HIDUP,LAKI-LAKI,25362,JIWA,2021
755,32,JAWA BARAT,3205,KABUPATEN GARUT,HIDUP,PEREMPUAN,25431,JIWA,2021
756,32,JAWA BARAT,3205,KABUPATEN GARUT,MATI,LAKI-LAKI,185,JIWA,2021
757,32,JAWA BARAT,3205,KABUPATEN GARUT,MATI,PEREMPUAN,155,JIWA,2021
758,32,JAWA BARAT,3206,KABUPATEN TASIKMALAYA,HIDUP,LAKI-LAKI,15426,JIWA,2021
759,32,JAWA BARAT,3206,KABUPATEN TASIKMALAYA,HIDUP,PEREMPUAN,14524,JIWA,2021
760,32,JAWA BARAT,3206,KABUPATEN TASIKMALAYA,MATI,LAKI-LAKI,102,JIWA,2021
761,32,JAWA BARAT,3206,KABUPATEN TASIKMALAYA,MATI,PEREMPUAN,73,JIWA,2021
762,32,JAWA BARAT,3207,KABUPATEN CIAMIS,HIDUP,LAKI-LAKI,9617,JIWA,2021
763,32,JAWA BARAT,3207,KABUPATEN CIAMIS,HIDUP,PEREMPUAN,8688,JIWA,2021
764,32,JAWA BARAT,3207,KABUPATEN CIAMIS,MATI,LAKI-LAKI,80,JIWA,2021
765,32,JAWA BARAT,3207,KABUPATEN CIAMIS,MATI,PEREMPUAN,53,JIWA,2021
766,32,JAWA BARAT,3208,KABUPATEN KUNINGAN,HIDUP,LAKI-LAKI,9725,JIWA,2021
767,32,JAWA BARAT,3208,KABUPATEN KUNINGAN,HIDUP,PEREMPUAN,8768,JIWA,2021
768,32,JAWA BARAT,3208,KABUPATEN KUNINGAN,MATI,LAKI-LAKI,45,JIWA,2021
769,32,JAWA BARAT,3208,KABUPATEN KUNINGAN,MATI,PEREMPUAN,54,JIWA,2021
770,32,JAWA BARAT,3209,KABUPATEN CIREBON,HIDUP,LAKI-LAKI,23821,JIWA,2021
771,32,JAWA BARAT,3209,KABUPATEN CIREBON,HIDUP,PEREMPUAN,22520,JIWA,2021
772,32,JAWA BARAT,3209,KABUPATEN CIREBON,MATI,LAKI-LAKI,35,JIWA,2021
773,32,JAWA BARAT,3209,KABUPATEN CIREBON,MATI,PEREMPUAN,42,JIWA,2021
774,32,JAWA BARAT,3210,KABUPATEN MAJALENGKA,HIDUP,LAKI-LAKI,10372,JIWA,2021
775,32,JAWA BARAT,3210,KABUPATEN MAJALENGKA,HIDUP,PEREMPUAN,9464,JIWA,2021
776,32,JAWA BARAT,3210,KABUPATEN MAJALENGKA,MATI,LAKI-LAKI,29,JIWA,2021
777,32,JAWA BARAT,3210,KABUPATEN MAJALENGKA,MATI,PEREMPUAN,26,JIWA,2021
778,32,JAWA BARAT,3211,KABUPATEN SUMEDANG,HIDUP,LAKI-LAKI,9233,JIWA,2021
779,32,JAWA BARAT,3211,KABUPATEN SUMEDANG,HIDUP,PEREMPUAN,8648,JIWA,2021
780,32,JAWA BARAT,3211,KABUPATEN SUMEDANG,MATI,LAKI-LAKI,58,JIWA,2021
781,32,JAWA BARAT,3211,KABUPATEN SUMEDANG,MATI,PEREMPUAN,68,JIWA,2021
782,32,JAWA BARAT,3212,KABUPATEN INDRAMAYU,HIDUP,LAKI-LAKI,14537,JIWA,2021
783,32,JAWA BARAT,3212,KABUPATEN INDRAMAYU,HIDUP,PEREMPUAN,14051,JIWA,2021
784,32,JAWA BARAT,3212,KABUPATEN INDRAMAYU,MATI,LAKI-LAKI,54,JIWA,2021
785,32,JAWA BARAT,3212,KABUPATEN INDRAMAYU,MATI,PEREMPUAN,41,JIWA,2021
786,32,JAWA BARAT,3213,KABUPATEN SUBANG,HIDUP,LAKI-LAKI,16831,JIWA,2021
787,32,JAWA BARAT,3213,KABUPATEN SUBANG,HIDUP,PEREMPUAN,16509,JIWA,2021
788,32,JAWA BARAT,3213,KABUPATEN SUBANG,MATI,LAKI-LAKI,33,JIWA,2021
789,32,JAWA BARAT,3213,KABUPATEN SUBANG,MATI,PEREMPUAN,25,JIWA,2021
790,32,JAWA BARAT,3214,KABUPATEN PURWAKARTA,HIDUP,LAKI-LAKI,9105,JIWA,2021
791,32,JAWA BARAT,3214,KABUPATEN PURWAKARTA,HIDUP,PEREMPUAN,8907,JIWA,2021
792,32,JAWA BARAT,3214,KABUPATEN PURWAKARTA,MATI,LAKI-LAKI,42,JIWA,2021
793,32,JAWA BARAT,3214,KABUPATEN PURWAKARTA,MATI,PEREMPUAN,28,JIWA,2021
794,32,JAWA BARAT,3215,KABUPATEN KARAWANG,HIDUP,LAKI-LAKI,19515,JIWA,2021
795,32,JAWA BARAT,3215,KABUPATEN KARAWANG,HIDUP,PEREMPUAN,20165,JIWA,2021
796,32,JAWA BARAT,3215,KABUPATEN KARAWANG,MATI,LAKI-LAKI,46,JIWA,2021
797,32,JAWA BARAT,3215,KABUPATEN KARAWANG,MATI,PEREMPUAN,57,JIWA,2021
798,32,JAWA BARAT,3216,KABUPATEN BEKASI,HIDUP,LAKI-LAKI,37994,JIWA,2021
799,32,JAWA BARAT,3216,KABUPATEN BEKASI,HIDUP,PEREMPUAN,35073,JIWA,2021
800,32,JAWA BARAT,3216,KABUPATEN BEKASI,MATI,LAKI-LAKI,0,JIWA,2021
801,32,JAWA BARAT,3216,KABUPATEN BEKASI,MATI,PEREMPUAN,1,JIWA,2021
802,32,JAWA BARAT,3217,KABUPATEN BANDUNG BARAT,HIDUP,LAKI-LAKI,13653,JIWA,2021
803,32,JAWA BARAT,3217,KABUPATEN BANDUNG BARAT,HIDUP,PEREMPUAN,12347,JIWA,2021
804,32,JAWA BARAT,3217,KABUPATEN BANDUNG BARAT,MATI,LAKI-LAKI,62,JIWA,2021
805,32,JAWA BARAT,3217,KABUPATEN BANDUNG BARAT,MATI,PEREMPUAN,54,JIWA,2021
806,32,JAWA BARAT,3218,KABUPATEN PANGANDARAN,HIDUP,LAKI-LAKI,3162,JIWA,2021
807,32,JAWA BARAT,3218,KABUPATEN PANGANDARAN,HIDUP,PEREMPUAN,2858,JIWA,2021
808,32,JAWA BARAT,3218,KABUPATEN PANGANDARAN,MATI,LAKI-LAKI,32,JIWA,2021
809,32,JAWA BARAT,3218,KABUPATEN PANGANDARAN,MATI,PEREMPUAN,17,JIWA,2021
810,32,JAWA BARAT,3271,KOTA BOGOR,HIDUP,LAKI-LAKI,8775,JIWA,2021
811,32,JAWA BARAT,3271,KOTA BOGOR,HIDUP,PEREMPUAN,8809,JIWA,2021
812,32,JAWA BARAT,3271,KOTA BOGOR,MATI,LAKI-LAKI,20,JIWA,2021
813,32,JAWA BARAT,3271,KOTA BOGOR,MATI,PEREMPUAN,9,JIWA,2021
814,32,JAWA BARAT,3272,KOTA SUKABUMI,HIDUP,LAKI-LAKI,3108,JIWA,2021
815,32,JAWA BARAT,3272,KOTA SUKABUMI,HIDUP,PEREMPUAN,2663,JIWA,2021
816,32,JAWA BARAT,3272,KOTA SUKABUMI,MATI,LAKI-LAKI,7,JIWA,2021
817,32,JAWA BARAT,3272,KOTA SUKABUMI,MATI,PEREMPUAN,3,JIWA,2021
818,32,JAWA BARAT,3273,KOTA BANDUNG,HIDUP,LAKI-LAKI,17270,JIWA,2021
819,32,JAWA BARAT,3273,KOTA BANDUNG,HIDUP,PEREMPUAN,17132,JIWA,2021
820,32,JAWA BARAT,3273,KOTA BANDUNG,MATI,LAKI-LAKI,8,JIWA,2021
821,32,JAWA BARAT,3273,KOTA BANDUNG,MATI,PEREMPUAN,6,JIWA,2021
822,32,JAWA BARAT,3274,KOTA CIREBON,HIDUP,LAKI-LAKI,2561,JIWA,2021
823,32,JAWA BARAT,3274,KOTA CIREBON,HIDUP,PEREMPUAN,2501,JIWA,2021
824,32,JAWA BARAT,3274,KOTA CIREBON,MATI,LAKI-LAKI,4,JIWA,2021
825,32,JAWA BARAT,3274,KOTA CIREBON,MATI,PEREMPUAN,4,JIWA,2021
826,32,JAWA BARAT,3275,KOTA BEKASI,HIDUP,LAKI-LAKI,21757,JIWA,2021
827,32,JAWA BARAT,3275,KOTA BEKASI,HIDUP,PEREMPUAN,22377,JIWA,2021
828,32,JAWA BARAT,3275,KOTA BEKASI,MATI,LAKI-LAKI,31,JIWA,2021
829,32,JAWA BARAT,3275,KOTA BEKASI,MATI,PEREMPUAN,21,JIWA,2021
830,32,JAWA BARAT,3276,KOTA DEPOK,HIDUP,LAKI-LAKI,21181,JIWA,2021
831,32,JAWA BARAT,3276,KOTA DEPOK,HIDUP,PEREMPUAN,20597,JIWA,2021
832,32,JAWA BARAT,3276,KOTA DEPOK,MATI,LAKI-LAKI,21,JIWA,2021
833,32,JAWA BARAT,3276,KOTA DEPOK,MATI,PEREMPUAN,21,JIWA,2021
834,32,JAWA BARAT,3277,KOTA CIMAHI,HIDUP,LAKI-LAKI,5158,JIWA,2021
835,32,JAWA BARAT,3277,KOTA CIMAHI,HIDUP,PEREMPUAN,5080,JIWA,2021
836,32,JAWA BARAT,3277,KOTA CIMAHI,MATI,LAKI-LAKI,25,JIWA,2021
837,32,JAWA BARAT,3277,KOTA CIMAHI,MATI,PEREMPUAN,20,JIWA,2021
838,32,JAWA BARAT,3278,KOTA TASIKMALAYA,HIDUP,LAKI-LAKI,5825,JIWA,2021
839,32,JAWA BARAT,3278,KOTA TASIKMALAYA,HIDUP,PEREMPUAN,5695,JIWA,2021
840,32,JAWA BARAT,3278,KOTA TASIKMALAYA,MATI,LAKI-LAKI,2,JIWA,2021
841,32,JAWA BARAT,3278,KOTA TASIKMALAYA,MATI,PEREMPUAN,3,JIWA,2021
842,32,JAWA BARAT,3279,KOTA BANJAR,HIDUP,LAKI-LAKI,1511,JIWA,2021
843,32,JAWA BARAT,3279,KOTA BANJAR,HIDUP,PEREMPUAN,1338,JIWA,2021
844,32,JAWA BARAT,3279,KOTA BANJAR,MATI,LAKI-LAKI,16,JIWA,2021
845,32,JAWA BARAT,3279,KOTA BANJAR,MATI,PEREMPUAN,19,JIWA,2021
846,32,JAWA BARAT,3201,KABUPATEN BOGOR,HIDUP,LAKI-LAKI,55832,JIWA,2022
847,32,JAWA BARAT,3201,KABUPATEN BOGOR,HIDUP,PEREMPUAN,55180,JIWA,2022
848,32,JAWA BARAT,3201,KABUPATEN BOGOR,MATI,LAKI-LAKI,76,JIWA,2022
849,32,JAWA BARAT,3201,KABUPATEN BOGOR,MATI,PEREMPUAN,65,JIWA,2022
850,32,JAWA BARAT,3202,KABUPATEN SUKABUMI,HIDUP,LAKI-LAKI,21319,JIWA,2022
851,32,JAWA BARAT,3202,KABUPATEN SUKABUMI,HIDUP,PEREMPUAN,20189,JIWA,2022
852,32,JAWA BARAT,3202,KABUPATEN SUKABUMI,MATI,LAKI-LAKI,50,JIWA,2022
853,32,JAWA BARAT,3202,KABUPATEN SUKABUMI,MATI,PEREMPUAN,53,JIWA,2022
854,32,JAWA BARAT,3203,KABUPATEN CIANJUR,HIDUP,LAKI-LAKI,21112,JIWA,2022
855,32,JAWA BARAT,3203,KABUPATEN CIANJUR,HIDUP,PEREMPUAN,19810,JIWA,2022
856,32,JAWA BARAT,3203,KABUPATEN CIANJUR,MATI,LAKI-LAKI,29,JIWA,2022
857,32,JAWA BARAT,3203,KABUPATEN CIANJUR,MATI,PEREMPUAN,19,JIWA,2022
858,32,JAWA BARAT,3204,KABUPATEN BANDUNG,HIDUP,LAKI-LAKI,31234,JIWA,2022
859,32,JAWA BARAT,3204,KABUPATEN BANDUNG,HIDUP,PEREMPUAN,29301,JIWA,2022
860,32,JAWA BARAT,3204,KABUPATEN BANDUNG,MATI,LAKI-LAKI,63,JIWA,2022
861,32,JAWA BARAT,3204,KABUPATEN BANDUNG,MATI,PEREMPUAN,31,JIWA,2022
862,32,JAWA BARAT,3205,KABUPATEN GARUT,HIDUP,LAKI-LAKI,23562,JIWA,2022
863,32,JAWA BARAT,3205,KABUPATEN GARUT,HIDUP,PEREMPUAN,23290,JIWA,2022
864,32,JAWA BARAT,3205,KABUPATEN GARUT,MATI,LAKI-LAKI,178,JIWA,2022
865,32,JAWA BARAT,3205,KABUPATEN GARUT,MATI,PEREMPUAN,178,JIWA,2022
866,32,JAWA BARAT,3206,KABUPATEN TASIKMALAYA,HIDUP,LAKI-LAKI,14617,JIWA,2022
867,32,JAWA BARAT,3206,KABUPATEN TASIKMALAYA,HIDUP,PEREMPUAN,13923,JIWA,2022
868,32,JAWA BARAT,3206,KABUPATEN TASIKMALAYA,MATI,LAKI-LAKI,76,JIWA,2022
869,32,JAWA BARAT,3206,KABUPATEN TASIKMALAYA,MATI,PEREMPUAN,72,JIWA,2022
870,32,JAWA BARAT,3207,KABUPATEN CIAMIS,HIDUP,LAKI-LAKI,8922,JIWA,2022
871,32,JAWA BARAT,3207,KABUPATEN CIAMIS,HIDUP,PEREMPUAN,8373,JIWA,2022
872,32,JAWA BARAT,3207,KABUPATEN CIAMIS,MATI,LAKI-LAKI,72,JIWA,2022
873,32,JAWA BARAT,3207,KABUPATEN CIAMIS,MATI,PEREMPUAN,40,JIWA,2022
874,32,JAWA BARAT,3208,KABUPATEN KUNINGAN,HIDUP,LAKI-LAKI,8526,JIWA,2022
875,32,JAWA BARAT,3208,KABUPATEN KUNINGAN,HIDUP,PEREMPUAN,8047,JIWA,2022
876,32,JAWA BARAT,3208,KABUPATEN KUNINGAN,MATI,LAKI-LAKI,78,JIWA,2022
877,32,JAWA BARAT,3208,KABUPATEN KUNINGAN,MATI,PEREMPUAN,34,JIWA,2022
878,32,JAWA BARAT,3209,KABUPATEN CIREBON,HIDUP,LAKI-LAKI,20992,JIWA,2022
879,32,JAWA BARAT,3209,KABUPATEN CIREBON,HIDUP,PEREMPUAN,22246,JIWA,2022
880,32,JAWA BARAT,3209,KABUPATEN CIREBON,MATI,LAKI-LAKI,38,JIWA,2022
881,32,JAWA BARAT,3209,KABUPATEN CIREBON,MATI,PEREMPUAN,43,JIWA,2022
882,32,JAWA BARAT,3210,KABUPATEN MAJALENGKA,HIDUP,LAKI-LAKI,9426,JIWA,2022
883,32,JAWA BARAT,3210,KABUPATEN MAJALENGKA,HIDUP,PEREMPUAN,9048,JIWA,2022
884,32,JAWA BARAT,3210,KABUPATEN MAJALENGKA,MATI,LAKI-LAKI,21,JIWA,2022
885,32,JAWA BARAT,3210,KABUPATEN MAJALENGKA,MATI,PEREMPUAN,31,JIWA,2022
886,32,JAWA BARAT,3211,KABUPATEN SUMEDANG,HIDUP,LAKI-LAKI,8290,JIWA,2022
887,32,JAWA BARAT,3211,KABUPATEN SUMEDANG,HIDUP,PEREMPUAN,7697,JIWA,2022
888,32,JAWA BARAT,3211,KABUPATEN SUMEDANG,MATI,LAKI-LAKI,59,JIWA,2022
889,32,JAWA BARAT,3211,KABUPATEN SUMEDANG,MATI,PEREMPUAN,64,JIWA,2022
890,32,JAWA BARAT,3212,KABUPATEN INDRAMAYU,HIDUP,LAKI-LAKI,13634,JIWA,2022
891,32,JAWA BARAT,3212,KABUPATEN INDRAMAYU,HIDUP,PEREMPUAN,13071,JIWA,2022
892,32,JAWA BARAT,3212,KABUPATEN INDRAMAYU,MATI,LAKI-LAKI,59,JIWA,2022
893,32,JAWA BARAT,3212,KABUPATEN INDRAMAYU,MATI,PEREMPUAN,28,JIWA,2022
894,32,JAWA BARAT,3213,KABUPATEN SUBANG,HIDUP,LAKI-LAKI,10828,JIWA,2022
895,32,JAWA BARAT,3213,KABUPATEN SUBANG,HIDUP,PEREMPUAN,11089,JIWA,2022
896,32,JAWA BARAT,3213,KABUPATEN SUBANG,MATI,LAKI-LAKI,43,JIWA,2022
897,32,JAWA BARAT,3213,KABUPATEN SUBANG,MATI,PEREMPUAN,34,JIWA,2022
898,32,JAWA BARAT,3214,KABUPATEN PURWAKARTA,HIDUP,LAKI-LAKI,8133,JIWA,2022
899,32,JAWA BARAT,3214,KABUPATEN PURWAKARTA,HIDUP,PEREMPUAN,8039,JIWA,2022
900,32,JAWA BARAT,3214,KABUPATEN PURWAKARTA,MATI,LAKI-LAKI,32,JIWA,2022
901,32,JAWA BARAT,3214,KABUPATEN PURWAKARTA,MATI,PEREMPUAN,24,JIWA,2022
902,32,JAWA BARAT,3215,KABUPATEN KARAWANG,HIDUP,LAKI-LAKI,18751,JIWA,2022
903,32,JAWA BARAT,3215,KABUPATEN KARAWANG,HIDUP,PEREMPUAN,19236,JIWA,2022
904,32,JAWA BARAT,3215,KABUPATEN KARAWANG,MATI,LAKI-LAKI,58,JIWA,2022
905,32,JAWA BARAT,3215,KABUPATEN KARAWANG,MATI,PEREMPUAN,51,JIWA,2022
906,32,JAWA BARAT,3216,KABUPATEN BEKASI,HIDUP,LAKI-LAKI,39076,JIWA,2022
907,32,JAWA BARAT,3216,KABUPATEN BEKASI,HIDUP,PEREMPUAN,36070,JIWA,2022
908,32,JAWA BARAT,3216,KABUPATEN BEKASI,MATI,LAKI-LAKI,7,JIWA,2022
909,32,JAWA BARAT,3216,KABUPATEN BEKASI,MATI,PEREMPUAN,16,JIWA,2022
910,32,JAWA BARAT,3217,KABUPATEN BANDUNG BARAT,HIDUP,LAKI-LAKI,15340,JIWA,2022
911,32,JAWA BARAT,3217,KABUPATEN BANDUNG BARAT,HIDUP,PEREMPUAN,13928,JIWA,2022
912,32,JAWA BARAT,3217,KABUPATEN BANDUNG BARAT,MATI,LAKI-LAKI,24,JIWA,2022
913,32,JAWA BARAT,3217,KABUPATEN BANDUNG BARAT,MATI,PEREMPUAN,27,JIWA,2022
914,32,JAWA BARAT,3218,KABUPATEN PANGANDARAN,HIDUP,LAKI-LAKI,2858,JIWA,2022
915,32,JAWA BARAT,3218,KABUPATEN PANGANDARAN,HIDUP,PEREMPUAN,2743,JIWA,2022
916,32,JAWA BARAT,3218,KABUPATEN PANGANDARAN,MATI,LAKI-LAKI,33,JIWA,2022
917,32,JAWA BARAT,3218,KABUPATEN PANGANDARAN,MATI,PEREMPUAN,14,JIWA,2022
918,32,JAWA BARAT,3271,KOTA BOGOR,HIDUP,LAKI-LAKI,8923,JIWA,2022
919,32,JAWA BARAT,3271,KOTA BOGOR,HIDUP,PEREMPUAN,8822,JIWA,2022
920,32,JAWA BARAT,3271,KOTA BOGOR,MATI,LAKI-LAKI,27,JIWA,2022
921,32,JAWA BARAT,3271,KOTA BOGOR,MATI,PEREMPUAN,24,JIWA,2022
922,32,JAWA BARAT,3272,KOTA SUKABUMI,HIDUP,LAKI-LAKI,2902,JIWA,2022
923,32,JAWA BARAT,3272,KOTA SUKABUMI,HIDUP,PEREMPUAN,2632,JIWA,2022
924,32,JAWA BARAT,3272,KOTA SUKABUMI,MATI,LAKI-LAKI,5,JIWA,2022
925,32,JAWA BARAT,3272,KOTA SUKABUMI,MATI,PEREMPUAN,6,JIWA,2022
926,32,JAWA BARAT,3273,KOTA BANDUNG,HIDUP,LAKI-LAKI,17762,JIWA,2022
927,32,JAWA BARAT,3273,KOTA BANDUNG,HIDUP,PEREMPUAN,17879,JIWA,2022
928,32,JAWA BARAT,3273,KOTA BANDUNG,MATI,LAKI-LAKI,31,JIWA,2022
929,32,JAWA BARAT,3273,KOTA BANDUNG,MATI,PEREMPUAN,30,JIWA,2022
930,32,JAWA BARAT,3274,KOTA CIREBON,HIDUP,LAKI-LAKI,2578,JIWA,2022
931,32,JAWA BARAT,3274,KOTA CIREBON,HIDUP,PEREMPUAN,2129,JIWA,2022
932,32,JAWA BARAT,3274,KOTA CIREBON,MATI,LAKI-LAKI,12,JIWA,2022
933,32,JAWA BARAT,3274,KOTA CIREBON,MATI,PEREMPUAN,12,JIWA,2022
934,32,JAWA BARAT,3275,KOTA BEKASI,HIDUP,LAKI-LAKI,22766,JIWA,2022
935,32,JAWA BARAT,3275,KOTA BEKASI,HIDUP,PEREMPUAN,22959,JIWA,2022
936,32,JAWA BARAT,3275,KOTA BEKASI,MATI,LAKI-LAKI,35,JIWA,2022
937,32,JAWA BARAT,3275,KOTA BEKASI,MATI,PEREMPUAN,12,JIWA,2022
938,32,JAWA BARAT,3276,KOTA DEPOK,HIDUP,LAKI-LAKI,21708,JIWA,2022
939,32,JAWA BARAT,3276,KOTA DEPOK,HIDUP,PEREMPUAN,21039,JIWA,2022
940,32,JAWA BARAT,3276,KOTA DEPOK,MATI,LAKI-LAKI,20,JIWA,2022
941,32,JAWA BARAT,3276,KOTA DEPOK,MATI,PEREMPUAN,21,JIWA,2022
942,32,JAWA BARAT,3277,KOTA CIMAHI,HIDUP,LAKI-LAKI,5228,JIWA,2022
943,32,JAWA BARAT,3277,KOTA CIMAHI,HIDUP,PEREMPUAN,5266,JIWA,2022
944,32,JAWA BARAT,3277,KOTA CIMAHI,MATI,LAKI-LAKI,18,JIWA,2022
945,32,JAWA BARAT,3277,KOTA CIMAHI,MATI,PEREMPUAN,15,JIWA,2022
946,32,JAWA BARAT,3278,KOTA TASIKMALAYA,HIDUP,LAKI-LAKI,5647,JIWA,2022
947,32,JAWA BARAT,3278,KOTA TASIKMALAYA,HIDUP,PEREMPUAN,5433,JIWA,2022
948,32,JAWA BARAT,3278,KOTA TASIKMALAYA,MATI,LAKI-LAKI,5,JIWA,2022
949,32,JAWA BARAT,3278,KOTA TASIKMALAYA,MATI,PEREMPUAN,1,JIWA,2022
950,32,JAWA BARAT,3279,KOTA BANJAR,HIDUP,LAKI-LAKI,1452,JIWA,2022
951,32,JAWA BARAT,3279,KOTA BANJAR,HIDUP,PEREMPUAN,1274,JIWA,2022
952,32,JAWA BARAT,3279,KOTA BANJAR,MATI,LAKI-LAKI,23,JIWA,2022
953,32,JAWA BARAT,3279,KOTA BANJAR,MATI,PEREMPUAN,19,JIWA,2022
954,32,JAWA BARAT,3201,KABUPATEN BOGOR,HIDUP,LAKI-LAKI,54034,JIWA,2023
955,32,JAWA BARAT,3201,KABUPATEN BOGOR,HIDUP,PEREMPUAN,53665,JIWA,2023
956,32,JAWA BARAT,3201,KABUPATEN BOGOR,MATI,LAKI-LAKI,68,JIWA,2023
957,32,JAWA BARAT,3201,KABUPATEN BOGOR,MATI,PEREMPUAN,51,JIWA,2023
958,32,JAWA BARAT,3202,KABUPATEN SUKABUMI,HIDUP,LAKI-LAKI,22300,JIWA,2023
959,32,JAWA BARAT,3202,KABUPATEN SUKABUMI,HIDUP,PEREMPUAN,20695,JIWA,2023
960,32,JAWA BARAT,3202,KABUPATEN SUKABUMI,MATI,LAKI-LAKI,16,JIWA,2023
961,32,JAWA BARAT,3202,KABUPATEN SUKABUMI,MATI,PEREMPUAN,7,JIWA,2023
962,32,JAWA BARAT,3203,KABUPATEN CIANJUR,HIDUP,LAKI-LAKI,20431,JIWA,2023
963,32,JAWA BARAT,3203,KABUPATEN CIANJUR,HIDUP,PEREMPUAN,19064,JIWA,2023
964,32,JAWA BARAT,3203,KABUPATEN CIANJUR,MATI,LAKI-LAKI,37,JIWA,2023
965,32,JAWA BARAT,3203,KABUPATEN CIANJUR,MATI,PEREMPUAN,25,JIWA,2023
966,32,JAWA BARAT,3204,KABUPATEN BANDUNG,HIDUP,LAKI-LAKI,30964,JIWA,2023
967,32,JAWA BARAT,3204,KABUPATEN BANDUNG,HIDUP,PEREMPUAN,29132,JIWA,2023
968,32,JAWA BARAT,3204,KABUPATEN BANDUNG,MATI,LAKI-LAKI,105,JIWA,2023
969,32,JAWA BARAT,3204,KABUPATEN BANDUNG,MATI,PEREMPUAN,68,JIWA,2023
970,32,JAWA BARAT,3205,KABUPATEN GARUT,HIDUP,LAKI-LAKI,22447,JIWA,2023
971,32,JAWA BARAT,3205,KABUPATEN GARUT,HIDUP,PEREMPUAN,21631,JIWA,2023
972,32,JAWA BARAT,3205,KABUPATEN GARUT,MATI,LAKI-LAKI,101,JIWA,2023
973,32,JAWA BARAT,3205,KABUPATEN GARUT,MATI,PEREMPUAN,97,JIWA,2023
974,32,JAWA BARAT,3206,KABUPATEN TASIKMALAYA,HIDUP,LAKI-LAKI,13501,JIWA,2023
975,32,JAWA BARAT,3206,KABUPATEN TASIKMALAYA,HIDUP,PEREMPUAN,12971,JIWA,2023
976,32,JAWA BARAT,3206,KABUPATEN TASIKMALAYA,MATI,LAKI-LAKI,96,JIWA,2023
977,32,JAWA BARAT,3206,KABUPATEN TASIKMALAYA,MATI,PEREMPUAN,64,JIWA,2023
978,32,JAWA BARAT,3207,KABUPATEN CIAMIS,HIDUP,LAKI-LAKI,8459,JIWA,2023
979,32,JAWA BARAT,3207,KABUPATEN CIAMIS,HIDUP,PEREMPUAN,7751,JIWA,2023
980,32,JAWA BARAT,3207,KABUPATEN CIAMIS,MATI,LAKI-LAKI,61,JIWA,2023
981,32,JAWA BARAT,3207,KABUPATEN CIAMIS,MATI,PEREMPUAN,52,JIWA,2023
982,32,JAWA BARAT,3208,KABUPATEN KUNINGAN,HIDUP,LAKI-LAKI,8342,JIWA,2023
983,32,JAWA BARAT,3208,KABUPATEN KUNINGAN,HIDUP,PEREMPUAN,7513,JIWA,2023
984,32,JAWA BARAT,3208,KABUPATEN KUNINGAN,MATI,LAKI-LAKI,73,JIWA,2023
985,32,JAWA BARAT,3208,KABUPATEN KUNINGAN,MATI,PEREMPUAN,57,JIWA,2023
986,32,JAWA BARAT,3209,KABUPATEN CIREBON,HIDUP,LAKI-LAKI,20732,JIWA,2023
987,32,JAWA BARAT,3209,KABUPATEN CIREBON,HIDUP,PEREMPUAN,21573,JIWA,2023
988,32,JAWA BARAT,3209,KABUPATEN CIREBON,MATI,LAKI-LAKI,39,JIWA,2023
989,32,JAWA BARAT,3209,KABUPATEN CIREBON,MATI,PEREMPUAN,37,JIWA,2023
990,32,JAWA BARAT,3210,KABUPATEN MAJALENGKA,HIDUP,LAKI-LAKI,9554,JIWA,2023
991,32,JAWA BARAT,3210,KABUPATEN MAJALENGKA,HIDUP,PEREMPUAN,8840,JIWA,2023
992,32,JAWA BARAT,3210,KABUPATEN MAJALENGKA,MATI,LAKI-LAKI,49,JIWA,2023
993,32,JAWA BARAT,3210,KABUPATEN MAJALENGKA,MATI,PEREMPUAN,39,JIWA,2023
994,32,JAWA BARAT,3211,KABUPATEN SUMEDANG,HIDUP,LAKI-LAKI,8486,JIWA,2023
995,32,JAWA BARAT,3211,KABUPATEN SUMEDANG,HIDUP,PEREMPUAN,7680,JIWA,2023
996,32,JAWA BARAT,3211,KABUPATEN SUMEDANG,MATI,LAKI-LAKI,47,JIWA,2023
997,32,JAWA BARAT,3211,KABUPATEN SUMEDANG,MATI,PEREMPUAN,40,JIWA,2023
998,32,JAWA BARAT,3212,KABUPATEN INDRAMAYU,HIDUP,LAKI-LAKI,12173,JIWA,2023
999,32,JAWA BARAT,3212,KABUPATEN INDRAMAYU,HIDUP,PEREMPUAN,12347,JIWA,2023
1000,32,JAWA BARAT,3212,KABUPATEN INDRAMAYU,MATI,LAKI-LAKI,40,JIWA,2023
1001,32,JAWA BARAT,3212,KABUPATEN INDRAMAYU,MATI,PEREMPUAN,33,JIWA,2023
1002,32,JAWA BARAT,3213,KABUPATEN SUBANG,HIDUP,LAKI-LAKI,11292,JIWA,2023
1003,32,JAWA BARAT,3213,KABUPATEN SUBANG,HIDUP,PEREMPUAN,11587,JIWA,2023
1004,32,JAWA BARAT,3213,KABUPATEN SUBANG,MATI,LAKI-LAKI,59,JIWA,2023
1005,32,JAWA BARAT,3213,KABUPATEN SUBANG,MATI,PEREMPUAN,45,JIWA,2023
1006,32,JAWA BARAT,3214,KABUPATEN PURWAKARTA,HIDUP,LAKI-LAKI,8863,JIWA,2023
1007,32,JAWA BARAT,3214,KABUPATEN PURWAKARTA,HIDUP,PEREMPUAN,8344,JIWA,2023
1008,32,JAWA BARAT,3214,KABUPATEN PURWAKARTA,MATI,LAKI-LAKI,45,JIWA,2023
1009,32,JAWA BARAT,3214,KABUPATEN PURWAKARTA,MATI,PEREMPUAN,26,JIWA,2023
1010,32,JAWA BARAT,3215,KABUPATEN KARAWANG,HIDUP,LAKI-LAKI,18457,JIWA,2023
1011,32,JAWA BARAT,3215,KABUPATEN KARAWANG,HIDUP,PEREMPUAN,18058,JIWA,2023
1012,32,JAWA BARAT,3215,KABUPATEN KARAWANG,MATI,LAKI-LAKI,56,JIWA,2023
1013,32,JAWA BARAT,3215,KABUPATEN KARAWANG,MATI,PEREMPUAN,26,JIWA,2023
1014,32,JAWA BARAT,3216,KABUPATEN BEKASI,HIDUP,LAKI-LAKI,39007,JIWA,2023
1015,32,JAWA BARAT,3216,KABUPATEN BEKASI,HIDUP,PEREMPUAN,38158,JIWA,2023
1016,32,JAWA BARAT,3216,KABUPATEN BEKASI,MATI,LAKI-LAKI,114,JIWA,2023
1017,32,JAWA BARAT,3216,KABUPATEN BEKASI,MATI,PEREMPUAN,67,JIWA,2023
1018,32,JAWA BARAT,3217,KABUPATEN BANDUNG BARAT,HIDUP,LAKI-LAKI,15503,JIWA,2023
1019,32,JAWA BARAT,3217,KABUPATEN BANDUNG BARAT,HIDUP,PEREMPUAN,14117,JIWA,2023
1020,32,JAWA BARAT,3217,KABUPATEN BANDUNG BARAT,MATI,LAKI-LAKI,38,JIWA,2023
1021,32,JAWA BARAT,3217,KABUPATEN BANDUNG BARAT,MATI,PEREMPUAN,49,JIWA,2023
1022,32,JAWA BARAT,3218,KABUPATEN PANGANDARAN,HIDUP,LAKI-LAKI,2744,JIWA,2023
1023,32,JAWA BARAT,3218,KABUPATEN PANGANDARAN,HIDUP,PEREMPUAN,2626,JIWA,2023
1024,32,JAWA BARAT,3218,KABUPATEN PANGANDARAN,MATI,LAKI-LAKI,25,JIWA,2023
1025,32,JAWA BARAT,3218,KABUPATEN PANGANDARAN,MATI,PEREMPUAN,15,JIWA,2023
1026,32,JAWA BARAT,3271,KOTA BOGOR,HIDUP,LAKI-LAKI,9162,JIWA,2023
1027,32,JAWA BARAT,3271,KOTA BOGOR,HIDUP,PEREMPUAN,9206,JIWA,2023
1028,32,JAWA BARAT,3271,KOTA BOGOR,MATI,LAKI-LAKI,30,JIWA,2023
1029,32,JAWA BARAT,3271,KOTA BOGOR,MATI,PEREMPUAN,14,JIWA,2023
1030,32,JAWA BARAT,3272,KOTA SUKABUMI,HIDUP,LAKI-LAKI,3000,JIWA,2023
1031,32,JAWA BARAT,3272,KOTA SUKABUMI,HIDUP,PEREMPUAN,2504,JIWA,2023
1032,32,JAWA BARAT,3272,KOTA SUKABUMI,MATI,LAKI-LAKI,14,JIWA,2023
1033,32,JAWA BARAT,3272,KOTA SUKABUMI,MATI,PEREMPUAN,10,JIWA,2023
1034,32,JAWA BARAT,3273,KOTA BANDUNG,HIDUP,LAKI-LAKI,17312,JIWA,2023
1035,32,JAWA BARAT,3273,KOTA BANDUNG,HIDUP,PEREMPUAN,17674,JIWA,2023
1036,32,JAWA BARAT,3273,KOTA BANDUNG,MATI,LAKI-LAKI,22,JIWA,2023
1037,32,JAWA BARAT,3273,KOTA BANDUNG,MATI,PEREMPUAN,30,JIWA,2023
1038,32,JAWA BARAT,3274,KOTA CIREBON,HIDUP,LAKI-LAKI,2395,JIWA,2023
1039,32,JAWA BARAT,3274,KOTA CIREBON,HIDUP,PEREMPUAN,2276,JIWA,2023
1040,32,JAWA BARAT,3274,KOTA CIREBON,MATI,LAKI-LAKI,6,JIWA,2023
1041,32,JAWA BARAT,3274,KOTA CIREBON,MATI,PEREMPUAN,1,JIWA,2023
1042,32,JAWA BARAT,3275,KOTA BEKASI,HIDUP,LAKI-LAKI,21798,JIWA,2023
1043,32,JAWA BARAT,3275,KOTA BEKASI,HIDUP,PEREMPUAN,21721,JIWA,2023
1044,32,JAWA BARAT,3275,KOTA BEKASI,MATI,LAKI-LAKI,195,JIWA,2023
1045,32,JAWA BARAT,3275,KOTA BEKASI,MATI,PEREMPUAN,194,JIWA,2023
1046,32,JAWA BARAT,3276,KOTA DEPOK,HIDUP,LAKI-LAKI,22178,JIWA,2023
1047,32,JAWA BARAT,3276,KOTA DEPOK,HIDUP,PEREMPUAN,21495,JIWA,2023
1048,32,JAWA BARAT,3276,KOTA DEPOK,MATI,LAKI-LAKI,48,JIWA,2023
1049,32,JAWA BARAT,3276,KOTA DEPOK,MATI,PEREMPUAN,36,JIWA,2023
1050,32,JAWA BARAT,3277,KOTA CIMAHI,HIDUP,LAKI-LAKI,5017,JIWA,2023
1051,32,JAWA BARAT,3277,KOTA CIMAHI,HIDUP,PEREMPUAN,5011,JIWA,2023
1052,32,JAWA BARAT,3277,KOTA CIMAHI,MATI,LAKI-LAKI,20,JIWA,2023
1053,32,JAWA BARAT,3277,KOTA CIMAHI,MATI,PEREMPUAN,12,JIWA,2023
1054,32,JAWA BARAT,3278,KOTA TASIKMALAYA,HIDUP,LAKI-LAKI,5596,JIWA,2023
1055,32,JAWA BARAT,3278,KOTA TASIKMALAYA,HIDUP,PEREMPUAN,5329,JIWA,2023
1056,32,JAWA BARAT,3278,KOTA TASIKMALAYA,MATI,LAKI-LAKI,44,JIWA,2023
1057,32,JAWA BARAT,3278,KOTA TASIKMALAYA,MATI,PEREMPUAN,42,JIWA,2023
1058,32,JAWA BARAT,3279,KOTA BANJAR,HIDUP,LAKI-LAKI,1448,JIWA,2023
1059,32,JAWA BARAT,3279,KOTA BANJAR,HIDUP,PEREMPUAN,1279,JIWA,2023
1060,32,JAWA BARAT,3279,KOTA BANJAR,MATI,LAKI-LAKI,19,JIWA,2023
1061,32,JAWA BARAT,3279,KOTA BANJAR,MATI,PEREMPUAN,13,JIWA,2023
